Date,Open,Close,Volume,Return,Bench_Bal,Bench_Peak,Bench_DD,Fast_MA,Slow_MA,Avg_Volume_10D,Long,Sys_Ret,Sys_Bal,Sys_Peak,Sys_DD,Symbol,Long_Condition,Sell_Condition,New_Sell_Condition
2023-12-27,1001.25,1029.800048828125,764530,,,,,,,,False,1.0,1000000.0,1000000.0,0.0,HAPPYFORGE.BO,False,False,False
2023-12-28,1016.4000244140625,1019.0999755859375,112147,0.9896095623083687,989609.5623083687,989609.5623083687,0.0,,,,False,1.0,1000000.0,1000000.0,0.0,HAPPYFORGE.BO,False,False,False
2023-12-29,1020.1500244140625,1029.0999755859375,102134,1.0098125799622852,999320.1852699617,999320.1852699617,0.0,,,,False,1.0,1000000.0,1000000.0,0.0,HAPPYFORGE.BO,False,False,False
2024-01-01,1023.1500244140625,1031.1500244140625,25392,1.001992079367175,1001310.9103922396,1001310.9103922396,0.0,,,,False,1.0,1000000.0,1000000.0,0.0,HAPPYFORGE.BO,False,False,False
2024-01-02,1026.1500244140625,1009.2999877929688,31993,0.9788100314175818,980093.1636597954,1001310.9103922396,-21217.746732444153,,,,False,1.0,1000000.0,1000000.0,0.0,HAPPYFORGE.BO,False,False,False
2024-01-03,1003.0499877929688,1015.7000122070312,42044,1.0063410527013454,986307.9860627905,1001310.9103922396,-15002.924329449073,,,,False,1.0,1000000.0,1000000.0,0.0,HAPPYFORGE.BO,False,False,False
2024-01-04,1022.8499755859375,1017.0499877929688,28504,1.0013291085652387,987618.8964550298,1001310.9103922396,-13692.013937209733,,,,False,1.0,1000000.0,1000000.0,0.0,HAPPYFORGE.BO,False,False,False
2024-01-05,1016.1500244140625,1000.8499755859375,83575,0.9840715673747897,971887.6754034614,1001310.9103922396,-29423.23498877813,,,,False,1.0,1000000.0,1000000.0,0.0,HAPPYFORGE.BO,False,False,False
2024-01-08,992.5999755859375,1000.7000122070312,58015,0.9998501639780543,971742.0516204009,1001310.9103922396,-29568.858771838713,,,,False,1.0,1000000.0,1000000.0,0.0,HAPPYFORGE.BO,False,False,False
2024-01-09,1001.0999755859375,977.6500244140625,24143,0.9769661361928713,949359.0775477168,1001310.9103922396,-51951.83284452278,,,127247.7,False,1.0,1000000.0,1000000.0,0.0,HAPPYFORGE.BO,False,False,False
2024-01-10,973.0,967.3499755859375,29319,0.9894644826155473,939357.0884821248,1001310.9103922396,-61953.821910114726,,,53726.6,False,1.0,1000000.0,1000000.0,0.0,HAPPYFORGE.BO,False,False,False
2024-01-11,966.0499877929688,956.75,25215,0.9890422537308518,929063.8518504119,1001310.9103922396,-72247.05854182772,,,45033.4,False,1.0,1000000.0,1000000.0,0.0,HAPPYFORGE.BO,False,False,False
2024-01-12,956.9000244140625,954.7000122070312,20706,0.9978573422597662,927073.1859970731,1001310.9103922396,-74237.7243951665,1000.7076932466947,,36890.6,False,1.0,1000000.0,1000000.0,0.0,HAPPYFORGE.BO,False,False,False
2024-01-15,955.9500122070312,950.0499877929688,14202,0.9951293344981605,922557.7226123568,1001310.9103922396,-78753.1877798828,994.5730731670673,,35771.6,False,1.0,1000000.0,1000000.0,0.0,HAPPYFORGE.BO,False,False,False
2024-01-16,945.3499755859375,945.8499755859375,7920,0.9955791671375228,918479.2491147,1001310.9103922396,-82831.66127753956,988.9384577824519,,33364.3,False,1.0,1000000.0,1000000.0,0.0,HAPPYFORGE.BO,False,False,False
2024-01-17,933.1500244140625,963.2999877929688,14323,1.0184490274963758,935424.2980364677,1001310.9103922396,-65886.61235577182,983.8769202599159,,30592.2,False,1.0,1000000.0,1000000.0,0.0,HAPPYFORGE.BO,False,False,False
2024-01-19,968.7000122070312,951.1500244140625,18892,0.9873871446767655,923625.9266994956,1001310.9103922396,-77684.98369274393,977.7230741060697,,29631.0,False,1.0,1000000.0,1000000.0,0.0,HAPPYFORGE.BO,False,False,False
2024-01-23,954.4000244140625,934.7999877929688,10272,0.9828102442291732,907749.0225959277,1001310.9103922396,-93561.88779631187,971.9923048753005,,22300.7,False,1.0,1000000.0,1000000.0,0.0,HAPPYFORGE.BO,False,False,False
2024-01-24,930.1500244140625,945.0499877929688,14761,1.0109649124238864,917702.4111315606,1001310.9103922396,-83608.499260679,966.5576876126803,,17975.3,False,1.0,1000000.0,1000000.0,0.0,HAPPYFORGE.BO,False,False,False
2024-01-25,953.8499755859375,968.4500122070312,7311,1.0247606208309785,940425.2925692638,1001310.9103922396,-60885.617822975735,962.8192279522235,,16292.1,False,1.0,1000000.0,1000000.0,0.0,HAPPYFORGE.BO,False,False,False
2024-01-29,952.1500244140625,958.4500122070312,6152,0.9896742218246136,930714.6696076707,1001310.9103922396,-70596.24078456883,959.5576923076923,,13975.4,False,1.0,1000000.0,1000000.0,0.0,HAPPYFORGE.BO,False,False,False
2024-01-30,950.8499755859375,979.4500122070312,12964,1.0219103758490682,951106.9778270161,1001310.9103922396,-50203.932565223426,957.9230769230769,,12750.3,False,1.0,1000000.0,1000000.0,0.0,HAPPYFORGE.BO,False,False,False
2024-01-31,975.1500244140625,991.9500122070312,22783,1.0127622643771612,963245.2565290072,1001310.9103922396,-38065.65386323235,959.0230759840745,,12958.0,False,1.0,1000000.0,1000000.0,0.0,HAPPYFORGE.BO,False,False,False
2024-02-01,998.7999877929688,980.6500244140625,14086,0.9886083092354352,952272.2644361949,1001310.9103922396,-49038.64595604467,960.046156663161,,12946.4,False,1.0,1000000.0,1000000.0,0.0,HAPPYFORGE.BO,False,False,False
2024-02-02,995.2999877929688,979.9500122070312,11553,0.9992861753024995,951592.5089750957,1001310.9103922396,-49718.401417143876,961.8307729867788,,13309.7,False,1.0,1000000.0,1000000.0,0.0,HAPPYFORGE.BO,False,False,False
2024-02-05,982.75,957.5499877929688,6552,0.9771416662737588,929840.6898335518,1001310.9103922396,-71470.22055868781,962.0500018780048,,12532.6,False,1.0,1000000.0,1000000.0,0.0,HAPPYFORGE.BO,False,False,False
2024-02-06,940.1500244140625,962.9000244140625,7149,1.00558721392021,935035.9086793674,1001310.9103922396,-66275.00171287218,963.0384662334735,,11358.3,False,1.0,1000000.0,1000000.0,0.0,HAPPYFORGE.BO,False,False,False
2024-02-07,961.1500244140625,1005.3499755859375,11633,1.0440855229988246,976257.4557361786,1001310.9103922396,-25053.454656061018,967.6153893103966,,11494.4,False,1.0,1000000.0,1000000.0,0.0,HAPPYFORGE.BO,False,False,False
2024-02-08,1020.0,1022.7999877929688,21077,1.0173571518682945,993202.5046579462,1001310.9103922396,-8108.405734293396,972.1923123873197,,12126.0,False,1.0,1000000.0,1000000.0,0.0,HAPPYFORGE.BO,False,False,False
2024-02-09,1023.3499755859375,1007.0,6788,0.9845522213711965,977859.732232417,1001310.9103922396,-23451.178159822593,976.4884643554688,,12073.7,False,1.0,1000000.0,1000000.0,0.0,HAPPYFORGE.BO,False,False,False
2024-02-12,1017.7000122070312,993.1500244140625,41738,0.9862463003118793,964410.5431381862,1001310.9103922396,-36900.36725405336,980.9769287109375,,15632.3,False,1.0,1000000.0,1000000.0,0.0,HAPPYFORGE.BO,False,False,False
2024-02-13,973.6500244140625,962.5999755859375,6138,0.9692392407218146,934744.5425753683,1001310.9103922396,-66566.36781687126,982.3269277719351,,14949.7,False,1.0,1000000.0,1000000.0,0.0,HAPPYFORGE.BO,False,False,False
2024-02-14,943.0999755859375,982.3499755859375,2364,1.0205173493672468,953923.0229245145,1001310.9103922396,-47387.887467725086,983.3961557241587,,12907.8,False,1.0,1000000.0,1000000.0,0.0,HAPPYFORGE.BO,False,False,False
2024-02-15,983.5,967.0,3581,0.9843742291775579,939017.2403860448,1001310.9103922396,-62293.670006194734,984.0538470928485,982.9117647058823,11857.3,False,1.0,1000000.0,1000000.0,0.0,HAPPYFORGE.BO,True,False,False
2024-02-16,978.0999755859375,970.7999877929688,22237,1.003929666797279,942707.2652576625,1001310.9103922396,-58603.64513457706,983.3884605994591,981.1764687930836,12925.7,True,1.0,1000000.0,1000000.0,0.0,HAPPYFORGE.BO,True,False,False
2024-02-19,985.9500122070312,969.4500122070312,12234,0.9986094194448781,941396.354865423,1001310.9103922396,-59914.55552681652,981.6576913686899,979.7161757525275,13493.9,False,1.0,1000000.0,1000000.0,0.0,HAPPYFORGE.BO,True,False,False
2024-02-20,977.9000244140625,962.1500244140625,9204,0.9924699698787462,934307.611957248,1001310.9103922396,-67003.29843499162,980.234614445613,977.74705954159,13699.4,False,1.0,1000000.0,1000000.0,0.0,HAPPYFORGE.BO,True,False,False
2024-02-21,979.6500244140625,941.9000244140625,6807,0.9789533861807757,914643.600460022,1001310.9103922396,-86667.30993221758,977.3076923076923,975.12205954159,13216.8,False,1.0,1000000.0,1000000.0,0.0,HAPPYFORGE.BO,True,False,False
2024-02-22,950.0999755859375,960.6500244140625,3483,1.0199065713069324,932851.0185130088,1001310.9103922396,-68459.89187923074,977.546156663161,973.6911782657398,11457.4,False,1.0,1000000.0,1000000.0,0.0,HAPPYFORGE.BO,True,False,False
2024-02-23,956.6500244140625,958.4500122070312,2290,0.9977098712839017,930714.6696076706,1001310.9103922396,-70596.24078456894,977.203848031851,972.0073547363281,11007.6,False,1.0,1000000.0,1000000.0,0.0,HAPPYFORGE.BO,True,False,False
2024-02-26,958.4500122070312,952.7999877929688,14773,0.9941050400729275,925228.143926795,1001310.9103922396,-76082.76646544458,973.1615412785457,970.1176488539752,8311.1,True,1.0,1000000.0,1000000.0,0.0,HAPPYFORGE.BO,True,False,False
2024-02-27,943.4000244140625,937.8499755859375,7137,0.9843093908495308,910710.7507454256,1001310.9103922396,-90600.15964681399,966.6269249549279,968.2647076775046,8411.0,False,1.0,1000000.0,1000000.0,0.0,HAPPYFORGE.BO,False,True,False
2024-02-28,949.9500122070312,923.0499877929688,3817,0.9842192374279028,896339.0406160557,1001310.9103922396,-104971.86977618386,960.1692317082332,965.9808834300321,8556.3,False,1.0,1000000.0,1000000.0,0.0,HAPPYFORGE.BO,False,True,False
2024-02-29,920.0,926.9000244140625,2428,1.0041709947153559,900077.6660176325,1001310.9103922396,-101233.24437460711,955.0730778620793,964.4882363712086,8441.0,False,1.0,1000000.0,1000000.0,0.0,HAPPYFORGE.BO,False,True,False
2024-03-01,940.0,977.4500122070312,9915,1.0545366128616986,949164.8532346975,1001310.9103922396,-52146.05715754209,956.2153883713943,964.785296271829,7208.8,False,1.0,1000000.0,1000000.0,0.0,HAPPYFORGE.BO,False,True,False
2024-03-04,981.4500122070312,964.4000244140625,3084,0.9866489461046682,936492.5021236064,1001310.9103922396,-64818.40826863318,954.8346228966346,965.0102969898898,6293.8,False,1.0,1000000.0,1000000.0,0.0,HAPPYFORGE.BO,False,True,False
2024-03-05,955.8499755859375,936.2000122070312,10593,0.9707590092356493,909108.5335181262,1001310.9103922396,-92202.37687411334,952.4653930664062,964.4661793428309,6432.7,False,1.0,1000000.0,1000000.0,0.0,HAPPYFORGE.BO,False,True,False
2024-03-06,940.4000244140625,927.0499877929688,16788,0.9902264213899208,900223.289800693,1001310.9103922396,-101087.62059154653,949.1000084510216,963.7897087545956,7430.8,False,1.0,1000000.0,1000000.0,0.0,HAPPYFORGE.BO,False,True,False
2024-03-07,935.0499877929688,927.2000122070312,7282,1.000161829907813,900368.9728526926,1001310.9103922396,-100941.93753954698,945.8500084510216,963.2411804199219,7810.7,False,1.0,1000000.0,1000000.0,0.0,HAPPYFORGE.BO,False,True,False
2024-03-11,935.0,890.6500244140625,7943,0.9605802552720333,864876.6577818579,1001310.9103922396,-136434.2526103817,940.3500084510216,961.1044167911305,8376.0,False,1.0,1000000.0,1000000.0,0.0,HAPPYFORGE.BO,False,True,False
2024-03-12,890.3499755859375,878.9500122070312,16455,0.9868635132921841,853515.2170630062,1001310.9103922396,-147795.69332923333,935.5076998197115,958.9808870203354,8544.2,False,1.0,1000000.0,1000000.0,0.0,HAPPYFORGE.BO,False,True,False
2024-03-13,875.0499877929688,835.2999877929688,10950,0.9503384449538173,811128.3241280771,1001310.9103922396,-190182.58626416244,925.8653893103966,956.0544164321002,8925.5,False,1.0,1000000.0,1000000.0,0.0,HAPPYFORGE.BO,False,True,False
2024-03-14,821.25,826.5499877929688,17655,0.9895247215038045,802631.5290366833,1001310.9103922396,-198679.3813555563,915.719233586238,952.5691223144531,10309.3,False,1.0,1000000.0,1000000.0,0.0,HAPPYFORGE.BO,False,True,False
2024-03-15,825.0,831.7000122070312,6634,1.0062307476742138,807632.5235694792,1001310.9103922396,-193678.38682276034,906.4038508488582,948.5470634909237,10729.9,False,1.0,1000000.0,1000000.0,0.0,HAPPYFORGE.BO,False,True,False
2024-03-18,823.0999755859375,816.0499877929688,4326,0.9811830898348396,792435.3749270105,1001310.9103922396,-208875.53546522907,897.0346210186298,944.3588274787454,10171.0,False,1.0,1000000.0,1000000.0,0.0,HAPPYFORGE.BO,False,True,False
2024-03-19,815.0,825.9500122070312,9139,1.0121316396815805,802048.9153665632,1001310.9103922396,-199261.99502567633,889.5653921274038,939.8441215963925,10776.5,False,1.0,1000000.0,1000000.0,0.0,HAPPYFORGE.BO,False,True,False
2024-03-20,821.8499755859375,843.5,7183,1.021248244486459,819091.0468103712,1001310.9103922396,-182219.86358186835,883.1500056340144,935.4779447667739,10435.5,False,1.0,1000000.0,1000000.0,0.0,HAPPYFORGE.BO,False,True,False
2024-03-21,853.3499755859375,867.0,12126,1.0278601066982809,841911.0107701147,1001310.9103922396,-159399.89962212485,874.6538508488582,932.1352969898898,9969.3,False,1.0,1000000.0,1000000.0,0.0,HAPPYFORGE.BO,False,True,False
2024-03-22,860.0499877929688,884.5499877929688,3215,1.0202422004532512,858953.1422139227,1001310.9103922396,-142357.76817831688,868.5115403395432,929.3294139188879,9562.6,False,1.0,1000000.0,1000000.0,0.0,HAPPYFORGE.BO,False,True,False
2024-03-26,880.0,885.9500122070312,1962,1.001582753302112,860312.6531361212,1001310.9103922396,-140998.25725611835,864.6461557241587,927.2235322840073,8964.5,False,1.0,1000000.0,1000000.0,0.0,HAPPYFORGE.BO,False,True,False
2024-03-27,885.0,886.75,8351,1.0009029717048887,861089.4911192609,1001310.9103922396,-140221.41927297867,861.546156663161,924.9838256835938,8154.1,False,1.0,1000000.0,1000000.0,0.0,HAPPYFORGE.BO,False,True,False
2024-03-28,892.0499877929688,888.1500244140625,4677,1.001578826517127,862449.0020414594,1001310.9103922396,-138861.90835078014,858.5423114483173,921.5367682961856,7526.8,False,1.0,1000000.0,1000000.0,0.0,HAPPYFORGE.BO,False,True,False
2024-04-01,900.5999755859375,922.0499877929688,1888,1.0381691858886914,895367.9783198964,1001310.9103922396,-105942.93207234319,860.9576932466947,918.573533002068,5950.1,False,1.0,1000000.0,1000000.0,0.0,HAPPYFORGE.BO,False,True,False
2024-04-02,923.0,922.1500244140625,5528,1.0001084937068685,895465.1201108757,1001310.9103922396,-105845.79028136388,864.280771108774,916.0779454848346,5839.5,False,1.0,1000000.0,1000000.0,0.0,HAPPYFORGE.BO,False,True,False
2024-04-03,915.0499877929688,930.7999877929688,2885,1.0093802127093174,903864.7734112901,1001310.9103922396,-97446.13698094944,871.6269249549279,914.2441208783318,5695.4,False,1.0,1000000.0,1000000.0,0.0,HAPPYFORGE.BO,False,True,False
2024-04-04,933.4500122070312,922.9000244140625,2665,0.9915127164992363,896193.416832995,1001310.9103922396,-105117.49355924455,879.0384662334735,913.0764752556296,5048.0,False,1.0,1000000.0,1000000.0,0.0,HAPPYFORGE.BO,False,True,False
2024-04-05,926.0,926.7999877929688,1812,1.0042257701546624,899980.5242266529,1001310.9103922396,-101330.38616558665,886.3538489708534,911.4426520852481,4510.9,False,1.0,1000000.0,1000000.0,0.0,HAPPYFORGE.BO,False,True,False
2024-04-08,926.7999877929688,909.4000244140625,6138,0.9812257621837679,883084.0758348445,1001310.9103922396,-118226.83455739508,893.5346210186298,909.74853515625,3912.1,False,1.0,1000000.0,1000000.0,0.0,HAPPYFORGE.BO,False,True,False
2024-04-09,924.5499877929688,889.9500122070312,3946,0.9786122589785907,864196.9023207583,1001310.9103922396,-137114.00807148125,898.4576979417068,907.37059469784,3985.2,False,1.0,1000000.0,1000000.0,0.0,HAPPYFORGE.BO,False,True,False
2024-04-10,901.0,909.4000244140625,2905,1.0218551738190285,883084.0758348444,1001310.9103922396,-118226.8345573952,903.5269305889423,905.6044185862821,4079.5,False,1.0,1000000.0,1000000.0,0.0,HAPPYFORGE.BO,False,True,False
2024-04-12,913.5499877929688,930.2000122070312,4042,1.0228722094068234,903282.1597411701,1001310.9103922396,-98028.75065106945,908.3884699894832,904.6647123448989,3648.6,True,1.0,1000000.0,1000000.0,0.0,HAPPYFORGE.BO,True,False,False
2024-04-15,840.0499877929688,904.5999755859375,10759,0.9724789977583917,878422.9293981286,1001310.9103922396,-122887.98099411093,909.9307767427885,903.5676520852481,4256.8,True,0.9724789977583917,972478.9977583918,1000000.0,-27521.00224160822,HAPPYFORGE.BO,True,False,False
2024-04-16,939.0499877929688,942.5,26733,1.0418969991564653,915226.2141301417,1001310.9103922396,-86084.69626209792,914.280775803786,903.0338278377758,6741.3,True,1.0418969991564653,1013222.9495071552,1013222.9495071552,0.0,HAPPYFORGE.BO,True,False,False
2024-04-18,945.5499877929688,935.5999755859375,12115,0.9926790191893236,908525.8605790669,1001310.9103922396,-92785.04981317266,918.0384662334735,902.3617679371554,7400.0,True,0.9926790191893236,1005805.1637368763,1013222.9495071552,-7417.78577027889,HAPPYFORGE.BO,True,False,False
2024-04-19,921.4000244140625,919.75,7946,0.9830590252249514,893134.5468925176,1001310.9103922396,-108176.36349972198,920.469233586238,901.3897094726562,7906.1,True,0.9830590252249514,988765.8438293963,1013222.9495071552,-24457.105677758926,HAPPYFORGE.BO,True,False,False
2024-04-22,938.0999755859375,951.2000122070312,10625,1.0341940877488787,923674.4679605153,1001310.9103922396,-77636.44243172428,922.7115431565505,901.7823576085708,8702.1,True,1.0341940877488787,1022575.7898563928,1022575.7898563928,0.0,HAPPYFORGE.BO,True,False,False
2024-04-23,951.4500122070312,934.5499877929688,11378,0.9824957693435789,907506.2570218873,1001310.9103922396,-93804.65337035223,923.6653864933894,902.1205929026884,9658.7,True,0.9824957693435789,1004676.3873670743,1022575.7898563928,-17899.402489318512,HAPPYFORGE.BO,True,False,False
2024-04-24,936.0,957.7000122070312,5787,1.0247713067427602,929986.3728855507,1001310.9103922396,-71324.53750668885,925.734619140625,903.0264748965992,9623.6,False,1.0,1004676.3873670743,1022575.7898563928,-17899.402489318512,HAPPYFORGE.BO,True,False,False
2024-04-25,945.4500122070312,931.4000244140625,11447,0.972538386281984,904447.4463503489,1001310.9103922396,-96863.4640418907,926.3884652944712,901.6720634909237,10373.7,True,1.0,1004676.3873670743,1022575.7898563928,-17899.402489318512,HAPPYFORGE.BO,True,False,False
2024-04-26,944.9500122070312,947.7000122070312,13314,1.017500523261445,920275.7499239576,1001310.9103922396,-81035.16046828195,927.9961594801682,901.1808866613052,11414.6,True,1.017500523261445,1022258.7498544162,1022575.7898563928,-317.0400019765366,HAPPYFORGE.BO,True,False,False
2024-04-29,950.0499877929688,953.9000244140625,4133,1.0065421674867265,926296.348013933,1001310.9103922396,-75014.56237830652,931.4192364032452,901.7014752556296,11423.7,False,1.0,1022258.7498544162,1022575.7898563928,-317.0400019765366,HAPPYFORGE.BO,True,False,False
2024-04-30,951.5,941.8499755859375,1251,0.9873675977359087,914594.9999300622,1001310.9103922396,-86715.91046217736,935.4115412785457,902.1367690142463,10472.9,False,1.0,1022258.7498544162,1022575.7898563928,-317.0400019765366,HAPPYFORGE.BO,True,False,False
2024-05-02,945.0499877929688,956.1500244140625,6784,1.0151829369844478,928481.2381802914,1001310.9103922396,-72829.6722119482,939.0076951246995,902.9882399615119,8478.0,False,1.0,1022258.7498544162,1022575.7898563928,-317.0400019765366,HAPPYFORGE.BO,True,False,False
2024-05-03,989.0499877929688,969.25,11610,1.0137007532829017,941202.1305524027,1001310.9103922396,-60108.779839836876,942.0115403395432,905.3000039493336,8427.5,True,1.0,1022258.7498544162,1022575.7898563928,-317.0400019765366,HAPPYFORGE.BO,True,False,False
2024-05-06,975.9500122070312,950.3499755859375,10952,0.9805003617084731,922849.0294474163,1001310.9103922396,-78461.88094482326,945.530771108774,907.4000028722427,8728.1,True,0.9805003617084731,1002325.0739919067,1022575.7898563928,-20250.71586448606,HAPPYFORGE.BO,True,False,False
2024-05-07,953.0,924.7999877929688,10103,0.97311518025008,898038.3996343339,1001310.9103922396,-103272.51075790566,944.1692317082332,910.0323558134191,8675.9,True,0.97311518025008,975377.7450468092,1022575.7898563928,-47198.044809583575,HAPPYFORGE.BO,True,False,False
2024-05-08,930.0,946.4000244140625,2120,1.0233564412913134,919013.3807927383,1001310.9103922396,-82297.52959950129,945.000004695012,913.5573568905102,7750.1,False,1.0,975377.7450468092,1022575.7898563928,-47198.044809583575,HAPPYFORGE.BO,True,False,False
2024-05-09,946.7999877929688,947.7999877929688,12125,1.0014792512075146,920372.832445998,1001310.9103922396,-80938.0779462416,947.1576960637019,916.9720620548023,8383.9,True,1.0,975377.7450468092,1022575.7898563928,-47198.044809583575,HAPPYFORGE.BO,True,False,False
2024-05-10,954.0499877929688,954.0499877929688,2744,1.0065942182744205,926441.9717969936,1001310.9103922396,-74868.93859524594,947.3769249549279,921.0308855842142,7513.6,False,1.0,975377.7450468092,1022575.7898563928,-47198.044809583575,HAPPYFORGE.BO,True,False,False
2024-05-13,935.0,955.2000122070312,9304,1.0012054131636465,927558.7171451524,1001310.9103922396,-73752.19324708718,948.9653883713943,924.8323561724494,7112.6,True,1.0,975377.7450468092,1022575.7898563928,-47198.044809583575,HAPPYFORGE.BO,True,False,False
2024-05-14,969.9500122070312,967.25,3631,1.012615146188207,939260.0059600841,1001310.9103922396,-62050.904432155425,949.7000028170072,928.4720620548023,7062.4,False,1.0,975377.7450468092,1022575.7898563928,-47198.044809583575,HAPPYFORGE.BO,True,False,False
2024-05-15,978.9500122070312,978.9500122070312,8136,1.0120961614960262,950621.4466789359,1001310.9103922396,-50689.463713303674,953.3576941856971,931.7647094726562,7750.9,True,1.0,975377.7450468092,1022575.7898563928,-47198.044809583575,HAPPYFORGE.BO,True,False,False
2024-05-16,990.9500122070312,1035.449951171875,51751,1.0577148355486152,1005486.4071429974,1005486.4071429974,0.0,960.1076894906851,936.2029436896829,12247.6,True,1.0577148355486152,1031671.511199965,1031671.511199965,0.0,HAPPYFORGE.BO,True,False,False
2024-05-17,1050.0,1051.0,12099,1.0150176730517262,1020586.4732634258,1020586.4732634258,0.0,967.576918381911,941.0573550953585,12296.5,False,1.0,1031671.511199965,1031671.511199965,0.0,HAPPYFORGE.BO,True,False,False
2024-05-21,1010.5499877929688,1053.1500244140625,16280,1.002045694019089,1022674.2809077438,1022674.2809077438,0.0,976.1384605994591,945.9514734604779,12829.3,True,1.0,1031671.511199965,1031671.511199965,0.0,HAPPYFORGE.BO,True,False,False
2024-05-22,1060.050048828125,1060.6500244140625,9321,1.0071214924997725,1029957.2481289385,1029957.2481289385,0.0,984.1769221379207,951.0250028722427,12751.1,False,1.0,1031671.511199965,1031671.511199965,0.0,HAPPYFORGE.BO,True,False,False
2024-05-23,1073.8499755859375,1100.949951171875,9353,1.0379954988263687,1069090.9875414313,1069090.9875414313,0.0,994.3076876126803,956.286766501034,13474.4,False,1.0,1031671.511199965,1031671.511199965,0.0,HAPPYFORGE.BO,True,False,False
2024-05-24,1111.0,1074.9000244140625,28840,0.9763386821262089,1043794.8858492083,1069090.9875414313,-25296.10169222299,1003.8884605994591,960.7794135598575,15145.9,True,1.0,1031671.511199965,1031671.511199965,0.0,HAPPYFORGE.BO,True,False,False
2024-05-27,1072.0,1101.550048828125,8836,1.02479302615012,1069673.7197494293,1069673.7197494293,0.0,1017.484619140625,965.8014741785386,15755.1,False,1.0,1031671.511199965,1031671.511199965,0.0,HAPPYFORGE.BO,True,False,False
2024-05-28,1125.0,1104.550048828125,17895,1.002723435038827,1072586.9066379073,1072586.9066379073,0.0,1029.6500056340144,971.1441219554227,16614.2,True,1.0,1031671.511199965,1031671.511199965,0.0,HAPPYFORGE.BO,True,False,False
2024-05-29,1100.0,1101.0999755859375,8264,0.9968764898921078,1069236.6705934308,1072586.9066379073,-3350.2360444765072,1041.4423123873198,976.2705921846277,17077.5,False,1.0,1031671.511199965,1031671.511199965,0.0,HAPPYFORGE.BO,True,False,False
2024-05-30,1090.0,1095.449951171875,2100,0.994868745309838,1063750.1449125553,1072586.9066379073,-8836.761725351913,1052.3192326472356,981.7426488539752,16473.9,False,1.0,1031671.511199965,1031671.511199965,0.0,HAPPYFORGE.BO,True,False,False
2024-05-31,1099.0,1115.050048828125,11686,1.0178922803687038,1082783.0607475801,1082783.0607475801,0.0,1064.6153893103967,988.3632381663602,12467.4,False,1.0,1031671.511199965,1031671.511199965,0.0,HAPPYFORGE.BO,True,False,False
2024-06-03,1120.050048828125,1125.25,5455,1.0091475276671167,1092687.848753254,1092687.848753254,0.0,1076.7692354642427,994.7117668600644,11803.0,False,1.0,1031671.511199965,1031671.511199965,0.0,HAPPYFORGE.BO,True,False,False
2024-06-04,1120.0,1062.199951171875,8441,0.9439679637163964,1031462.3235652586,1092687.848753254,-61225.525187995285,1083.173076923077,998.5941180060892,11019.1,False,1.0,1031671.511199965,1031671.511199965,0.0,HAPPYFORGE.BO,True,False,False
2024-06-05,1041.0,1094.6500244140625,11697,1.0305498726547548,1062973.3661983549,1092687.848753254,-29714.482554899063,1087.7269287109375,1004.1838253245634,11256.7,True,1.0,1031671.511199965,1031671.511199965,0.0,HAPPYFORGE.BO,True,False,False
2024-06-06,1120.0,1173.199951171875,15849,1.071758027685477,1139250.238438941,1139250.238438941,0.0,1097.126924954928,1010.9691180060892,11906.3,True,1.071758027685477,1105702.22406297,1105702.22406297,0.0,HAPPYFORGE.BO,True,False,False
2024-06-07,1171.449951171875,1155.6500244140625,10551,0.9850409755470222,1122208.166264072,1139250.238438941,-17042.072174869012,1105.0115403395432,1017.4411782657398,10077.4,True,0.9850409755470222,1089161.9974555,1105702.22406297,-16540.226607469842,HAPPYFORGE.BO,True,False,False
2024-06-10,1157.0,1150.1500244140625,4966,0.9952407736911626,1116867.323635196,1139250.238438941,-22382.914803744992,1111.8961557241587,1024.217649572036,9690.4,False,1.0,1089161.9974555,1105702.22406297,-16540.226607469842,HAPPYFORGE.BO,True,False,False
2024-06-11,1157.550048828125,1155.0999755859375,2473,1.0043037439175786,1121674.0345860333,1139250.238438941,-17576.203852907754,1116.061542217548,1030.2147073184742,8148.2,False,1.0,1089161.9974555,1105702.22406297,-16540.226607469842,HAPPYFORGE.BO,True,False,False
2024-06-12,1154.5999755859375,1162.6500244140625,5724,1.0065362730393057,1129005.6023371872,1139250.238438941,-10244.636101753917,1122.811542217548,1036.923531924977,7894.2,False,1.0,1089161.9974555,1105702.22406297,-16540.226607469842,HAPPYFORGE.BO,True,False,False
2024-06-13,1162.6500244140625,1200.25,21608,1.0323398914517605,1165517.520965201,1165517.520965201,0.0,1130.4038461538462,1044.0573550953584,9845.0,True,1.0,1089161.9974555,1105702.22406297,-16540.226607469842,HAPPYFORGE.BO,True,False,False
2024-06-14,1211.25,1189.0999755859375,7733,0.9907102483532076,1154690.1526554495,1165517.520965201,-10827.368309751619,1136.907686673678,1051.636765423943,9449.7,False,1.0,1089161.9974555,1105702.22406297,-16540.226607469842,HAPPYFORGE.BO,True,False,False
2024-06-18,1200.0,1200.3499755859375,3951,1.0094609370372383,1165614.6034872415,1165614.6034872415,0.0,1144.5423020582932,1059.0676466997932,9299.3,False,1.0,1089161.9974555,1105702.22406297,-16540.226607469842,HAPPYFORGE.BO,True,False,False
2024-06-19,1212.0,1199.4000244140625,1877,0.9992086048309275,1164692.1417210416,1165614.6034872415,-922.4617661999073,1152.5384615384614,1066.2882349350873,8642.9,False,1.0,1089161.9974555,1105702.22406297,-16540.226607469842,HAPPYFORGE.BO,True,False,False
2024-06-20,1200.0,1208.0999755859375,13668,1.007253585955299,1173140.3362824763,1173140.3362824763,0.0,1159.6961482121394,1074.1191172880285,8840.0,True,1.0,1089161.9974555,1105702.22406297,-16540.226607469842,HAPPYFORGE.BO,True,False,False
2024-06-21,1233.5999755859375,1212.4000244140625,7780,1.0035593484935215,1177315.9515711127,1177315.9515711127,0.0,1166.3999962439905,1081.655881993911,8033.1,False,1.0,1089161.9974555,1105702.22406297,-16540.226607469842,HAPPYFORGE.BO,True,False,False
2024-06-24,1213.5999755859375,1213.6500244140625,3818,1.0010310128462792,1178529.779441312,1178529.779441312,0.0,1178.0500018780049,1088.844118006089,7359.8,False,1.0,1089161.9974555,1105702.22406297,-16540.226607469842,HAPPYFORGE.BO,True,False,False
2024-06-25,1218.0,1215.949951171875,6854,1.0018950494059626,1180763.1515997513,1180763.1515997513,0.0,1187.3807654747595,1096.655881993911,7548.6,False,1.0,1089161.9974555,1105702.22406297,-16540.226607469842,HAPPYFORGE.BO,True,False,False
2024-06-26,1200.0,1223.25,1470,1.0060035767270599,1187851.9537768655,1187851.9537768655,0.0,1191.2307692307693,1105.4338235294117,7448.3,False,1.0,1089161.9974555,1105702.22406297,-16540.226607469842,HAPPYFORGE.BO,True,False,False
2024-06-27,1236.25,1219.800048828125,1476,0.9971796843066626,1184501.8362702671,1187851.9537768655,-3350.1175065983552,1196.1653864933894,1113.4750007180608,7023.5,False,1.0,1089161.9974555,1105702.22406297,-16540.226607469842,HAPPYFORGE.BO,True,False,False
2024-06-28,1218.5999755859375,1220.25,1725,1.0003688728921656,1184938.7668883875,1187851.9537768655,-2913.186888477998,1201.5576923076924,1121.4882363712086,5035.2,False,1.0,1089161.9974555,1105702.22406297,-16540.226607469842,HAPPYFORGE.BO,True,False,False
2024-07-01,1235.0,1247.3499755859375,7892,1.0222085438114628,1211254.5314067288,1211254.5314067288,0.0,1208.6538461538462,1130.1147066004137,5051.1,True,1.0,1089161.9974555,1105702.22406297,-16540.226607469842,HAPPYFORGE.BO,True,False,False
2024-07-02,1251.300048828125,1258.550048828125,2584,1.0089790944493555,1222130.5002464398,1222130.5002464398,0.0,1216.030771108774,1139.036766501034,4914.4,False,1.0,1089161.9974555,1105702.22406297,-16540.226607469842,HAPPYFORGE.BO,True,False,False
2024-07-03,1269.4000244140625,1270.449951171875,1870,1.0094552476119885,1233686.0467404332,1233686.0467404332,0.0,1221.4307673527644,1147.9544121237361,4913.7,False,1.0,1089161.9974555,1105702.22406297,-16540.226607469842,HAPPYFORGE.BO,True,False,False
2024-07-04,1270.0,1274.5999755859375,6098,1.0032665784356436,1237715.9789770697,1237715.9789770697,0.0,1228.0076904296875,1156.6499992819392,4156.7,True,1.0,1089161.9974555,1105702.22406297,-16540.226607469842,HAPPYFORGE.BO,True,False,False
2024-07-05,1276.949951171875,1263.8499755859375,1623,0.9915659813228396,1227277.0592933572,1237715.9789770697,-10438.919683712535,1232.892305814303,1163.3676470588234,3541.0,False,1.0,1089161.9974555,1105702.22406297,-16540.226607469842,HAPPYFORGE.BO,True,False,False
2024-07-08,1250.050048828125,1280.050048828125,5699,1.0128180350161236,1243008.3396138647,1243008.3396138647,0.0,1239.0961538461538,1170.1044132008271,3729.1,True,1.0,1089161.9974555,1105702.22406297,-16540.226607469842,HAPPYFORGE.BO,True,False,False
2024-07-09,1251.0,1258.6500244140625,2498,0.9832818846156414,1222227.58276848,1243008.3396138647,-20780.756845384603,1242.984619140625,1176.148530847886,3293.5,False,1.0,1089161.9974555,1105702.22406297,-16540.226607469842,HAPPYFORGE.BO,True,False,False
2024-07-10,1267.6500244140625,1243.199951171875,1758,0.9877248854387621,1207224.599170092,1243008.3396138647,-35783.740443772636,1245.3538442758413,1181.517646340763,3322.3,False,1.0,1089161.9974555,1105702.22406297,-16540.226607469842,HAPPYFORGE.BO,True,False,False
2024-07-11,1230.0,1235.1500244140625,3130,0.9935248334346986,1199407.6188087363,1243008.3396138647,-43600.72080512834,1247.0076904296875,1185.4647073184742,3487.7,False,1.0,1089161.9974555,1105702.22406297,-16540.226607469842,HAPPYFORGE.BO,True,False,False
2024-07-12,1230.0,1229.550048828125,2984,0.995466157571754,1193969.6936578199,1243008.3396138647,-49038.645956044784,1248.0538517878606,1190.0132374482996,3613.6,False,1.0,1089161.9974555,1105702.22406297,-16540.226607469842,HAPPYFORGE.BO,True,False,False
2024-07-15,1230.050048828125,1233.25,2142,1.0030091911877856,1197562.5767384581,1243008.3396138647,-45445.76287540654,1248.8230825570913,1193.886765423943,3038.6,False,1.0,1089161.9974555,1105702.22406297,-16540.226607469842,HAPPYFORGE.BO,True,False,False
2024-07-16,1240.550048828125,1228.75,4756,0.9963511048043787,1193192.7964057415,1243008.3396138647,-49815.543208123185,1249.5115403395432,1197.5397051642922,3255.8,True,1.0,1089161.9974555,1105702.22406297,-16540.226607469842,HAPPYFORGE.BO,True,False,False
2024-07-18,1226.0,1226.5999755859375,2056,0.9982502344544761,1191104.9887614234,1243008.3396138647,-51903.350852441275,1250.0,1201.2308816348805,3274.4,False,1.0,1089161.9974555,1105702.22406297,-16540.226607469842,HAPPYFORGE.BO,True,False,False
2024-07-19,1210.3499755859375,1203.1500244140625,5404,0.9808821525855052,1168333.6253316388,1243008.3396138647,-74674.71428222582,1246.6000037560095,1204.398530847886,3205.0,True,1.0,1089161.9974555,1105702.22406297,-16540.226607469842,HAPPYFORGE.BO,True,False,False
2024-07-22,1156.5,1200.050048828125,1366,0.9974234505065591,1165323.3559211206,1243008.3396138647,-77684.98369274405,1242.1000037560095,1206.898530847886,3179.3,False,1.0,1089161.9974555,1105702.22406297,-16540.226607469842,HAPPYFORGE.BO,True,False,False
2024-07-23,1200.0,1214.6500244140625,3525,1.0121661389041188,1179500.8417374708,1243008.3396138647,-63507.49787639384,1237.8077016977163,1209.5279433306525,2961.9,True,1.0,1089161.9974555,1105702.22406297,-16540.226607469842,HAPPYFORGE.BO,True,False,False
2024-07-24,1214.6500244140625,1223.699951171875,1069,1.0074506455159198,1188288.8843949856,1243008.3396138647,-54719.45521887904,1233.892315204327,1214.2779433306525,2819.0,False,1.0,1089161.9974555,1105702.22406297,-16540.226607469842,HAPPYFORGE.BO,True,False,False
2024-07-25,1223.699951171875,1229.1500244140625,909,1.004453766004459,1193581.2450317806,1243008.3396138647,-49427.0945820841,1231.2230881911057,1218.2338256835938,2734.1,False,1.0,1089161.9974555,1105702.22406297,-16540.226607469842,HAPPYFORGE.BO,True,False,False
2024-07-26,1254.0,1226.300048828125,1475,0.9976813444011474,1190813.7411953025,1243008.3396138647,-52194.59841856221,1227.0884728064905,1219.7955932617188,2568.6,False,1.0,1089161.9974555,1105702.22406297,-16540.226607469842,HAPPYFORGE.BO,True,False,False
2024-07-29,1250.0,1258.050048828125,3465,1.0258908902681207,1221644.9690983603,1243008.3396138647,-21363.370515504386,1227.0423208383413,1222.8073586856617,2616.7,True,1.0,1089161.9974555,1105702.22406297,-16540.226607469842,HAPPYFORGE.BO,True,False,False
2024-07-30,1270.0,1252.449951171875,1407,0.9955485891348548,1216206.9254095657,1243008.3396138647,-26801.414204298984,1227.7538592998799,1225.8161800608916,2543.2,False,1.0,1089161.9974555,1105702.22406297,-16540.226607469842,HAPPYFORGE.BO,True,False,False
2024-07-31,1269.0,1259.4000244140625,1330,1.0055491824129854,1222955.8794905997,1243008.3396138647,-20052.46012326493,1229.6192439152644,1228.8838285558363,2200.6,False,1.0,1089161.9974555,1105702.22406297,-16540.226607469842,HAPPYFORGE.BO,True,False,False
2024-08-01,1272.699951171875,1262.300048828125,1471,1.0023027031585232,1225771.9838570373,1243008.3396138647,-17236.355756827397,1232.1384746844951,1231.8147116268383,2142.1,False,1.0,1089161.9974555,1105702.22406297,-16540.226607469842,HAPPYFORGE.BO,True,False,False
2024-08-02,1254.75,1269.9000244140625,2943,1.0060207361894606,1233152.0336002724,1243008.3396138647,-9856.306013592286,1234.9577073317307,1233.8632417566637,1896.0,True,1.0,1089161.9974555,1105702.22406297,-16540.226607469842,HAPPYFORGE.BO,True,False,False
2024-08-05,1210.050048828125,1230.800048828125,6727,0.9692101938465759,1195183.5215280193,1243008.3396138647,-47824.81808584533,1235.1154033954326,1235.0897144990809,2432.1,True,0.9692101938465759,1055626.9106841688,1105702.22406297,-50075.313378801104,HAPPYFORGE.BO,True,False,False
2024-08-06,1201.25,1221.449951171875,4295,0.9924032358747853,1186103.9942286275,1243008.3396138647,-56904.34538523713,1234.719247671274,1235.7103020163142,2509.1,False,1.0,1055626.9106841688,1105702.22406297,-50075.313378801104,HAPPYFORGE.BO,False,True,False
2024-08-07,1224.0,1242.5,4185,1.0172336564489846,1206544.902977932,1243008.3396138647,-36463.43663593265,1237.7461688701924,1236.9779483570771,2820.7,True,1.0,1055626.9106841688,1105702.22406297,-50075.313378801104,HAPPYFORGE.BO,True,False,False
2024-08-08,1221.0,1235.25,2421,0.9941649899396379,1199504.701330777,1243008.3396138647,-43503.63828308764,1240.453857421875,1237.7764784869025,2971.9,False,1.0,1055626.9106841688,1105702.22406297,-50075.313378801104,HAPPYFORGE.BO,True,False,False
2024-08-09,1242.550048828125,1230.449951171875,1705,0.9961141074048776,1194843.5548940615,1243008.3396138647,-48164.78471980314,1241.6692364032451,1238.3073586856617,2994.9,False,1.0,1055626.9106841688,1105702.22406297,-50075.313378801104,HAPPYFORGE.BO,True,False,False
2024-08-12,1255.0999755859375,1229.4000244140625,1534,0.9991467131541494,1193824.010605821,1243008.3396138647,-49184.329008043744,1242.1077035757212,1238.7705939797795,2801.8,False,1.0,1055626.9106841688,1105702.22406297,-50075.313378801104,HAPPYFORGE.BO,True,False,False
2024-08-13,1253.199951171875,1204.0,1422,0.9793394957624405,1169159.0045757992,1243008.3396138647,-73849.33503806544,1240.173086313101,1238.4191248276654,2803.3,False,1.0,1055626.9106841688,1105702.22406297,-50075.313378801104,HAPPYFORGE.BO,True,False,False
2024-08-14,1192.0999755859375,1195.550048828125,899,0.992981768129672,1160953.5755884042,1243008.3396138647,-82054.76402546046,1237.8077016977163,1237.6044203814338,2760.2,False,1.0,1055626.9106841688,1105702.22406297,-50075.313378801104,HAPPYFORGE.BO,True,False,False
2024-08-16,1204.9000244140625,1207.8499755859375,952,1.0102880902140976,1172897.570708437,1243008.3396138647,-70110.76890542777,1233.9461576021636,1237.2529476390166,2708.3,False,1.0,1055626.9106841688,1105702.22406297,-50075.313378801104,HAPPYFORGE.BO,False,True,False
2024-08-19,1200.0,1204.550048828125,2348,0.9972679332495646,1169693.136253838,1243008.3396138647,-73315.2033600267,1230.2615497295674,1236.7911843692555,2648.8,False,1.0,1055626.9106841688,1105702.22406297,-50075.313378801104,HAPPYFORGE.BO,False,True,False
2024-08-20,1190.0,1208.3499755859375,787,1.0031546441441013,1173383.1018565164,1243008.3396138647,-69625.23775734822,1226.3346228966345,1235.6441255457262,2054.8,False,1.0,1055626.9106841688,1105702.22406297,-50075.313378801104,HAPPYFORGE.BO,False,True,False
2024-08-21,1215.0,1212.550048828125,594,1.003475874810318,1177461.6346231124,1243008.3396138647,-65546.70499075227,1222.5076998197114,1234.2911843692555,1684.7,False,1.0,1055626.9106841688,1105702.22406297,-50075.313378801104,HAPPYFORGE.BO,False,True,False
2024-08-22,1220.0,1225.1500244140625,1615,1.0103913035161847,1189696.9958471442,1243008.3396138647,-53311.3437667205,1219.0653921274038,1232.958833582261,1427.7,False,1.0,1055626.9106841688,1105702.22406297,-50075.313378801104,HAPPYFORGE.BO,False,True,False
2024-08-23,1260.0,1205.050048828125,1633,0.9835938659058914,1170178.6674019177,1243008.3396138647,-72829.67221194692,1217.0846228966345,1230.9132475011488,1348.9,False,1.0,1055626.9106841688,1105702.22406297,-50075.313378801104,HAPPYFORGE.BO,False,True,False
2024-08-26,1229.0,1198.5,1210,0.9945645005910794,1163818.161946923,1243008.3396138647,-79190.17766694166,1215.3192420372595,1228.99118939568,1299.4,False,1.0,1055626.9106841688,1105702.22406297,-50075.313378801104,HAPPYFORGE.BO,False,True,False
2024-08-28,1181.0,1184.6500244140625,2515,0.9884439085640905,1150368.9728526922,1243008.3396138647,-92639.36676117242,1210.8692439152644,1226.1853063246783,1397.5,False,1.0,1055626.9106841688,1105702.22406297,-50075.313378801104,HAPPYFORGE.BO,False,True,False
2024-08-29,1166.0,1183.199951171875,988,0.9987759479911338,1148960.8614005344,1243008.3396138647,-94047.47821333027,1206.8653940054087,1223.9661865234375,1354.1,False,1.0,1055626.9106841688,1105702.22406297,-50075.313378801104,HAPPYFORGE.BO,False,True,False
2024-08-30,1170.0,1187.75,1714,1.0038455451452803,1153379.2422632102,1243008.3396138647,-89629.09735065443,1203.580782376803,1222.3353056066176,1435.6,False,1.0,1055626.9106841688,1105702.22406297,-50075.313378801104,HAPPYFORGE.BO,False,True,False
2024-09-02,1230.0,1184.8499755859375,924,0.9975583882011682,1150563.1378967727,1243008.3396138647,-92445.20171709196,1200.1538555438701,1220.8558924057904,1432.8,False,1.0,1055626.9106841688,1105702.22406297,-50075.313378801104,HAPPYFORGE.BO,False,True,False
2024-09-03,1182.449951171875,1178.5,1140,0.9946406923097607,1144396.9160237366,1243008.3396138647,-98611.42359012808,1198.1923170823318,1219.3544203814338,1312.0,False,1.0,1055626.9106841688,1105702.22406297,-50075.313378801104,HAPPYFORGE.BO,False,True,False
2024-09-04,1172.699951171875,1185.8499755859375,786,1.0062367209044867,1151534.2001929318,1243008.3396138647,-91474.13942093286,1197.4461576021636,1217.9603020163142,1311.9,False,1.0,1055626.9106841688,1105702.22406297,-50075.313378801104,HAPPYFORGE.BO,False,True,False
2024-09-05,1171.0,1184.25,703,0.9986507774011236,1149980.5242266525,1243008.3396138647,-93027.8153872122,1195.6307748647837,1216.6514784869025,1322.8,False,1.0,1055626.9106841688,1105702.22406297,-50075.313378801104,HAPPYFORGE.BO,False,True,False
2024-09-06,1163.0,1168.949951171875,1530,0.987080389421047,1135123.223680264,1243008.3396138647,-107885.11593360058,1192.892305814303,1214.9558895335479,1314.3,False,1.0,1055626.9106841688,1105702.22406297,-50075.313378801104,HAPPYFORGE.BO,False,True,False
