Date,Open,Close,Volume,Return,Bench_Bal,Bench_Peak,Bench_DD,Fast_MA,Slow_MA,Avg_Volume_10D,Long,Sys_Ret,Sys_Bal,Sys_Peak,Sys_DD,Symbol
2023-10-20,2570.0,2559.35009765625,3664,,,,,,,,False,1.0,1000000.0,1000000.0,0.0,NUVAMA.BO
2023-10-23,2508.550048828125,2514.35009765625,2474,0.982417411341571,982417.411341571,982417.411341571,0.0,,,,False,1.0,1000000.0,1000000.0,0.0,NUVAMA.BO
2023-10-25,2549.949951171875,2525.949951171875,3054,1.0046134599658327,986949.7547385325,986949.7547385325,0.0,,,,False,1.0,1000000.0,1000000.0,0.0,NUVAMA.BO
2023-10-26,2500.050048828125,2706.10009765625,3608,1.071319760868895,1057338.775236099,1057338.775236099,0.0,,,,False,1.0,1000000.0,1000000.0,0.0,NUVAMA.BO
2023-10-27,2730.0,2704.89990234375,2560,0.9995564852484431,1056869.8298918887,1057338.775236099,-468.9453442103695,,,,False,1.0,1000000.0,1000000.0,0.0,NUVAMA.BO
2023-10-30,2899.0,2865.39990234375,3352,1.0593367613570208,1119581.0627736186,1119581.0627736186,0.0,,,,False,1.0,1000000.0,1000000.0,0.0,NUVAMA.BO
2023-10-31,2929.0,2924.300048828125,8531,1.0205556461547296,1142594.7749415294,1142594.7749415294,0.0,,,,False,1.0,1000000.0,1000000.0,0.0,NUVAMA.BO
2023-11-01,2925.0,2889.14990234375,4082,0.9879799795173341,1128860.762343345,1142594.7749415294,-13734.012598184403,,,,False,1.0,1000000.0,1000000.0,0.0,NUVAMA.BO
2023-11-02,2850.050048828125,2880.199951171875,972,0.9969022198659147,1125363.7998996093,1142594.7749415294,-17230.975041920086,,,,False,1.0,1000000.0,1000000.0,0.0,NUVAMA.BO
2023-11-03,2998.949951171875,2878.10009765625,1494,0.9992709348131297,1124543.3363305384,1142594.7749415294,-18051.438610990997,,,3379.1,False,1.0,1000000.0,1000000.0,0.0,NUVAMA.BO
2023-11-06,2900.0,2811.64990234375,1928,0.976911784490535,1098579.6374316062,1142594.7749415294,-44015.137509923195,,,3205.5,False,1.0,1000000.0,1000000.0,0.0,NUVAMA.BO
2023-11-07,2803.5,2748.699951171875,2207,0.9776110279165977,1073983.5685977556,1142594.7749415294,-68611.20634377375,,,3178.8,False,1.0,1000000.0,1000000.0,0.0,NUVAMA.BO
2023-11-08,2700.050048828125,2723.0,1158,0.990650143111867,1063941.9759311604,1142594.7749415294,-78652.799010369,2748.549992487981,,2989.2,False,1.0,1000000.0,1000000.0,0.0,NUVAMA.BO
2023-11-09,2760.0,2700.60009765625,984,0.9917738147837862,1055189.7921778462,1142594.7749415294,-87404.98276368319,2759.4153771033652,,2726.8,False,1.0,1000000.0,1000000.0,0.0,NUVAMA.BO
2023-11-10,2688.25,2652.5,236242,0.9821891076364864,1036395.9203662883,1142594.7749415294,-106198.8545752411,2770.042292668269,,26095.0,False,1.0,1000000.0,1000000.0,0.0,NUVAMA.BO
2023-11-13,2733.60009765625,2733.89990234375,43118,1.0306879933435438,1068200.8314717647,1142594.7749415294,-74393.94346976466,2786.0384427584136,,30071.6,False,1.0,1000000.0,1000000.0,0.0,NUVAMA.BO
2023-11-15,2755.0,2804.199951171875,28008,1.0257141999851045,1095668.7612764847,1142594.7749415294,-46926.01366504468,2793.5845853365386,,32019.3,False,1.0,1000000.0,1000000.0,0.0,NUVAMA.BO
2023-11-16,2860.300048828125,2890.800048828125,12027,1.030882283419219,1129505.5144958098,1142594.7749415294,-13089.260445719585,2807.8845966045674,,32813.8,False,1.0,1000000.0,1000000.0,0.0,NUVAMA.BO
2023-11-17,2949.949951171875,3120.89990234375,10320,1.079597291278898,1219411.0939342543,1219411.0939342543,0.0,2827.5384427584136,,33748.6,False,1.0,1000000.0,1000000.0,0.0,NUVAMA.BO
2023-11-20,3177.0,3206.050048828125,10130,1.02728384413112,1252681.316152915,1252681.316152915,0.0,2849.2115196814902,,34612.2,False,1.0,1000000.0,1000000.0,0.0,NUVAMA.BO
2023-11-21,3257.949951171875,3195.699951171875,90853,0.9967716980400748,1248637.2826048168,1252681.316152915,-4044.0335480980575,2872.792292668269,,43504.7,False,1.0,1000000.0,1000000.0,0.0,NUVAMA.BO
2023-11-22,3200.0,3175.050048828125,4278,0.9935382224053364,1240568.8661882195,1252681.316152915,-12112.449964695377,2895.4730694110576,,43711.8,False,1.0,1000000.0,1000000.0,0.0,NUVAMA.BO
2023-11-23,3219.949951171875,3217.39990234375,3168,1.0133383262828426,1257115.9785017741,1257115.9785017741,0.0,2921.573054387019,,43912.8,False,1.0,1000000.0,1000000.0,0.0,NUVAMA.BO
2023-11-24,3223.39990234375,3162.39990234375,4346,0.9829054510880246,1235626.1479192497,1257115.9785017741,-21489.830582524417,2948.5538236177886,,44249.0,False,1.0,1000000.0,1000000.0,0.0,NUVAMA.BO
2023-11-28,3165.39990234375,3185.75,1943,1.0073836637924711,1244749.5959686716,1257115.9785017741,-12366.38253310253,2982.173058143029,,20819.1,False,1.0,1000000.0,1000000.0,0.0,NUVAMA.BO
2023-11-29,3195.0,3172.449951171875,3475,0.9958251435837322,1239552.945131295,1257115.9785017741,-17563.033370479243,3016.746131310096,,16854.8,False,1.0,1000000.0,1000000.0,0.0,NUVAMA.BO
2023-11-30,3150.050048828125,3143.050048828125,3267,0.9907327451035469,1228065.6920311141,1257115.9785017741,-29050.28647066001,3050.780742938702,,14380.7,False,1.0,1000000.0,1000000.0,0.0,NUVAMA.BO
2023-12-01,3164.449951171875,3175.10009765625,5312,1.0101971169183497,1240588.4214761695,1257115.9785017741,-16527.55702560465,3090.980750450721,,13709.2,False,1.0,1000000.0,1000000.0,0.0,NUVAMA.BO
2023-12-04,3549.949951171875,3315.35009765625,62950,1.0441718357489036,1295387.4894616064,1295387.4894616064,0.0,3135.7076885516826,,18972.2,False,1.0,1000000.0,1000000.0,0.0,NUVAMA.BO
2023-12-05,3318.199951171875,3252.5,8946,0.981042696606708,1270830.4358120079,1295387.4894616064,-24557.0536495985,3170.1923076923076,,18853.8,False,1.0,1000000.0,1000000.0,0.0,NUVAMA.BO
2023-12-06,3298.949951171875,3248.050048828125,2811,0.9986318366881245,1269091.732234115,1295387.4894616064,-26295.757227491355,3197.673076923077,,10049.6,False,1.0,1000000.0,1000000.0,0.0,NUVAMA.BO
2023-12-07,3329.25,3225.14990234375,4453,0.9929495709302149,1260144.0909929478,1295387.4894616064,-35243.39846865856,3205.6923076923076,,10067.1,False,1.0,1000000.0,1000000.0,0.0,NUVAMA.BO
2023-12-08,3160.050048828125,3168.550048828125,3925,0.9824504735502392,1238029.1589375571,1295387.4894616064,-57358.330524049234,3202.8076923076924,,10142.8,False,1.0,1000000.0,1000000.0,0.0,NUVAMA.BO
2023-12-11,3166.10009765625,3201.5,6300,1.0103990628723258,1250903.5019991214,1295387.4894616064,-44483.987462484976,3203.253849909856,2961.12058392693,10338.2,False,1.0,1000000.0,1000000.0,0.0,NUVAMA.BO
2023-12-12,3240.5,3271.550048828125,9437,1.0218803838288693,1278273.750755739,1295387.4894616064,-17113.738705867436,3210.6769268329326,2982.0676413143383,11087.6,False,1.0,1000000.0,1000000.0,0.0,NUVAMA.BO
2023-12-13,3299.949951171875,3544.0,26637,1.083278552094738,1384726.5378993866,1384726.5378993866,0.0,3235.800011268029,3012.3514619715074,13403.8,True,1.0,1000000.0,1000000.0,0.0,NUVAMA.BO
2023-12-14,3699.89990234375,3579.25,5405,1.0099463882618511,1398499.5656818228,1398499.5656818228,0.0,3267.8654033954326,3043.3308751723343,13617.6,False,1.0,1000000.0,1000000.0,0.0,NUVAMA.BO
2023-12-15,3637.25,3712.300048828125,6003,1.0371726056654675,1450485.438560241,1450485.438560241,0.0,3308.3692533052886,3072.924991383272,13686.7,False,1.0,1000000.0,1000000.0,0.0,NUVAMA.BO
2023-12-18,3679.949951171875,3615.14990234375,5964,0.9738302008979466,1412526.5260326653,1450485.438560241,-37958.91252757562,3342.423095703125,3099.6970502068016,7988.1,False,1.0,1000000.0,1000000.0,0.0,NUVAMA.BO
2023-12-19,3616.0,3622.199951171875,4526,1.0019501401099729,1415281.1506674823,1450485.438560241,-35204.28789275861,3379.280780498798,3121.9558751723343,7546.1,False,1.0,1000000.0,1000000.0,0.0,NUVAMA.BO
2023-12-20,3510.64990234375,3560.5,8077,0.9829661664172036,1391173.4870741437,1450485.438560241,-59311.95148609718,3408.9269268329326,3140.6676384420957,8072.7,True,1.0,1000000.0,1000000.0,0.0,NUVAMA.BO
2023-12-21,3500.0,3662.64990234375,3984,1.028689763332046,1431085.925172118,1450485.438560241,-19399.513388122898,3435.642296424279,3163.4176384420957,8025.8,False,1.0,1000000.0,1000000.0,0.0,NUVAMA.BO
2023-12-22,3739.35009765625,3627.0,2190,0.9902666366444313,1417156.6458693773,1450485.438560241,-33328.7926908636,3464.449988731971,3185.38234576057,7852.3,False,1.0,1000000.0,1000000.0,0.0,NUVAMA.BO
2023-12-26,3696.35009765625,3641.699951171875,5241,1.0040529228486008,1422900.272419468,1450485.438560241,-27585.166140772868,3494.730750450721,3207.8411649816176,7746.4,False,1.0,1000000.0,1000000.0,0.0,NUVAMA.BO
2023-12-27,3642.14990234375,3606.800048828125,2179,0.9904165903804021,1409264.0362610347,1450485.438560241,-41221.40229920624,3524.0884540264424,3231.227933995864,7020.6,False,1.0,1000000.0,1000000.0,0.0,NUVAMA.BO
2023-12-28,3625.5,3632.300048828125,2039,1.0070699788329782,1419227.5031674777,1450485.438560241,-31257.935392763233,3559.761530949519,3257.216172162224,4560.8,False,1.0,1000000.0,1000000.0,0.0,NUVAMA.BO
2023-12-29,3632.300048828125,3594.199951171875,1874,0.9895107515502355,1404340.873280015,1450485.438560241,-46144.56528022583,3589.969219501202,3282.8397001378676,4207.7,False,1.0,1000000.0,1000000.0,0.0,NUVAMA.BO
2024-01-01,3661.699951171875,3613.5,1257,1.0053697760531748,1411881.8692718486,1450485.438560241,-38603.56928839232,3616.2730618990386,3309.689697265625,3733.1,False,1.0,1000000.0,1000000.0,0.0,NUVAMA.BO
2024-01-02,3685.800048828125,3575.60009765625,3381,0.9895115809205064,1397073.4605361868,1450485.438560241,-53411.978024054086,3618.703838641827,3336.8397001378676,3474.8,False,1.0,1000000.0,1000000.0,0.0,NUVAMA.BO
2024-01-03,3573.0,3594.949951171875,2209,1.0054116380431661,1404633.9164243222,1450485.438560241,-45851.52213591873,3619.9115271935098,3362.164701573989,3243.1,False,1.0,1000000.0,1000000.0,0.0,NUVAMA.BO
2024-01-04,3649.89990234375,3604.449951171875,2918,1.0026425958995349,1408345.7962522127,1450485.438560241,-42139.64230802818,3611.6153658353364,3385.7014662798715,2727.2,True,1.0,1000000.0,1000000.0,0.0,NUVAMA.BO
2024-01-05,3594.0,3635.60009765625,2561,1.0086421359448332,1420516.9120807587,1450485.438560241,-29968.526479482185,3613.188457782452,3407.607350068934,2584.9,False,1.0,1000000.0,1000000.0,0.0,NUVAMA.BO
2024-01-08,3637.800048828125,3466.550048828125,4338,0.9535014731303627,1354464.9682755973,1450485.438560241,-96020.47028464358,3601.215388371394,3417.773530847886,2799.7,True,1.0,1000000.0,1000000.0,0.0,NUVAMA.BO
2024-01-09,3494.85009765625,3463.10009765625,13672,0.9990047882986599,1353116.9888901142,1450485.438560241,-97368.44967012666,3593.723088191106,3425.3338264016543,3642.8,True,0.9990047882986599,999004.78829866,1000000.0,-995.211701340042,NUVAMA.BO
2024-01-10,3499.85009765625,3535.199951171875,12235,1.020819454096756,1381288.1459278525,1450485.438560241,-69197.29263238842,3583.919245793269,3435.3191205193016,4648.4,True,1.020819454096756,1019803.5226310831,1019803.5226310831,0.0,NUVAMA.BO
2024-01-11,3645.85009765625,3591.0,3744,1.015784128082947,1403090.5749426342,1450485.438560241,-47394.863617606694,3581.1500150240386,3447.552942612592,4818.9,False,1.0,1019803.5226310831,1019803.5226310831,0.0,NUVAMA.BO
2024-01-12,3606.25,3706.300048828125,8425,1.032108061494883,1448141.093405783,1450485.438560241,-2344.3451544579584,3586.1192533052886,3461.9323586856617,5474.0,True,1.0,1019803.5226310831,1019803.5226310831,0.0,NUVAMA.BO
2024-01-15,3729.199951171875,3733.14990234375,3201,1.0072443820419004,1458631.9807369898,1458631.9807369898,0.0,3595.8384728064902,3478.719123391544,5668.4,False,1.0,1019803.5226310831,1019803.5226310831,0.0,NUVAMA.BO
2024-01-16,3750.0,3567.550048828125,3138,0.9556407168617425,1393928.1117089603,1458631.9807369898,-64703.8690280295,3590.857703575721,3489.9485365923715,5644.1,False,1.0,1019803.5226310831,1019803.5226310831,0.0,NUVAMA.BO
2024-01-17,3500.0,3431.10009765625,7389,0.9617524773852307,1340613.8147330093,1458631.9807369898,-118018.16600398044,3578.311560997596,3497.5558938419117,6162.1,True,1.0,1019803.5226310831,1019803.5226310831,0.0,NUVAMA.BO
2024-01-19,3584.949951171875,3440.60009765625,5533,1.0027687912709073,1344325.6945608999,1458631.9807369898,-114306.2861760899,3565.0115685096152,3506.3073658662684,6423.6,False,1.0,1019803.5226310831,1019803.5226310831,0.0,NUVAMA.BO
2024-01-23,3400.0,3294.449951171875,5707,0.9575219024774391,1287221.2966052576,1458631.9807369898,-171410.6841317322,3543.3846341646636,3509.8176556755516,6738.2,False,1.0,1019803.5226310831,1019803.5226310831,0.0,NUVAMA.BO
2024-01-24,3294.64990234375,3388.14990234375,2595,1.0284417588855903,1323832.1343557013,1458631.9807369898,-134799.8463812885,3527.4769381009614,3511.9588264016543,6563.9,False,1.0,1019803.5226310831,1019803.5226310831,0.0,NUVAMA.BO
2024-01-25,3419.949951171875,3508.449951171875,73797,1.035506117584971,1370836.273780898,1458631.9807369898,-87795.7069560918,3520.092322716346,3519.4867661420035,12576.4,True,1.0,1019803.5226310831,1019803.5226310831,0.0,NUVAMA.BO
2024-01-29,3509.949951171875,3640.550048828125,6831,1.0376519829254303,1422450.9777548567,1458631.9807369898,-36181.00298213307,3520.473088191106,3531.0308837890625,12036.0,False,1.0,1019803.5226310831,1019803.5226310831,0.0,NUVAMA.BO
2024-01-30,3799.949951171875,3572.85009765625,2409,0.981403922411761,1395998.9690070609,1458631.9807369898,-62633.0117299289,3528.6500150240386,3541.257360121783,11902.5,False,1.0,1019803.5226310831,1019803.5226310831,0.0,NUVAMA.BO
2024-01-31,3530.050048828125,3572.14990234375,2833,0.9998040233165787,1395725.3857590551,1458631.9807369898,-62906.59497793461,3537.0384615384614,3553.1279440487133,11343.3,False,1.0,1019803.5226310831,1019803.5226310831,0.0,NUVAMA.BO
2024-02-01,3578.60009765625,3528.75,2210,0.9878504812143313,1378767.993965141,1458631.9807369898,-79863.98677184875,3536.5423114483174,3562.7529440487133,11244.2,False,1.0,1019803.5226310831,1019803.5226310831,0.0,NUVAMA.BO
2024-02-02,3500.050048828125,3405.25,6670,0.9650017711654268,1330513.5562025637,1458631.9807369898,-128118.42453442607,3522.253849909856,3566.6852955537684,11597.4,False,1.0,1019803.5226310831,1019803.5226310831,0.0,NUVAMA.BO
2024-02-05,3312.10009765625,3229.10009765625,11537,0.9482710807301226,1261687.5278662837,1458631.9807369898,-196944.4528707061,3485.546161358173,3557.4235337201285,12012.2,False,1.0,1019803.5226310831,1019803.5226310831,0.0,NUVAMA.BO
2024-02-06,3230.050048828125,3220.64990234375,2303,0.9973831113756327,1258385.8321271043,1458631.9807369898,-200246.14860988548,3446.123084435096,3546.8764720243566,11689.2,False,1.0,1019803.5226310831,1019803.5226310831,0.0,NUVAMA.BO
2024-02-07,3225.050048828125,3247.25,1615,1.0082592329072753,1268779.1338018572,1458631.9807369898,-189852.84693513252,3421.484619140625,3533.198529411765,11280.0,False,1.0,1019803.5226310831,1019803.5226310831,0.0,NUVAMA.BO
2024-02-08,3269.949951171875,3372.64990234375,4610,1.0386172614808684,1317775.9093733532,1458631.9807369898,-140856.07136363653,3416.9884502704326,3526.0661764705883,11481.5,False,1.0,1019803.5226310831,1019803.5226310831,0.0,NUVAMA.BO
2024-02-09,3443.949951171875,3450.85009765625,2808,1.0231865736369958,1348330.6175330975,1458631.9807369898,-110301.36320389225,3417.776911808894,3521.026474896599,4382.6,False,1.0,1019803.5226310831,1019803.5226310831,0.0,NUVAMA.BO
2024-02-12,3451.199951171875,3409.050048828125,3196,0.9878870285160997,1331998.3272120494,1458631.9807369898,-126633.65352494037,3426.592303936298,3516.572064568015,4019.1,False,1.0,1019803.5226310831,1019803.5226310831,0.0,NUVAMA.BO
2024-02-13,3469.949951171875,3411.39990234375,9504,1.000689298626294,1332916.4718292227,1458631.9807369898,-125715.50890776701,3428.3807654747598,3509.1823586856617,4728.6,False,1.0,1019803.5226310831,1019803.5226310831,0.0,NUVAMA.BO
2024-02-14,3514.75,3862.5,26174,1.1322331331915465,1509172.1931818228,1509172.1931818228,0.0,3455.6153846153848,3516.108829273897,7062.7,False,1.0,1019803.5226310831,1019803.5226310831,0.0,NUVAMA.BO
2024-02-15,3970.050048828125,4196.10009765625,30376,1.0863689573220066,1639517.8219263027,1639517.8219263027,0.0,3498.3500037560098,3532.4147159352024,9879.3,False,1.0,1019803.5226310831,1019803.5226310831,0.0,NUVAMA.BO
2024-02-16,4338.10009765625,4181.2001953125,6309,0.9964491070286735,1633696.06961606,1639517.8219263027,-5821.752310242737,3545.1461651141826,3549.308837890625,9843.2,False,1.0,1019803.5226310831,1019803.5226310831,0.0,NUVAMA.BO
2024-02-19,4264.75,4322.2001953125,6363,1.033722374776045,1688788.1807458042,1688788.1807458042,0.0,3602.842341496394,3569.6000186695774,9325.8,False,1.0,1019803.5226310831,1019803.5226310831,0.0,NUVAMA.BO
2024-02-20,4322.2998046875,4216.0,10480,0.9754291355065701,1647293.195198593,1688788.1807458042,-41494.985547211254,3655.707726111779,3587.888255399816,10143.5,True,1.0,1019803.5226310831,1019803.5226310831,0.0,NUVAMA.BO
2024-02-21,4343.9501953125,4292.75,4567,1.0182044592030361,1677281.276966025,1688788.1807458042,-11506.903779779328,3723.9769568810098,3607.8661965762867,10438.7,False,1.0,1019803.5226310831,1019803.5226310831,0.0,NUVAMA.BO
2024-02-22,4394.9501953125,4492.75,5097,1.046590181119329,1755426.1154479315,1755426.1154479315,0.0,3821.1807955228364,3634.841193704044,10487.4,False,1.0,1019803.5226310831,1019803.5226310831,0.0,NUVAMA.BO
2024-02-23,4587.9501953125,4439.4501953125,3598,0.9881364855183351,1734600.592305822,1755426.1154479315,-20825.523142109392,3914.9346642127402,3659.6794361787684,10566.4,False,1.0,1019803.5226310831,1019803.5226310831,0.0,NUVAMA.BO
2024-02-26,4574.9501953125,4285.5,2623,0.9653222384440641,1674448.5265710556,1755426.1154479315,-80977.58887687582,3994.800048828125,3679.710319967831,10509.1,False,1.0,1019803.5226310831,1019803.5226310831,0.0,NUVAMA.BO
2024-02-27,4371.25,4232.89990234375,1119,0.9877260301817175,1653896.3958936548,1755426.1154479315,-101529.71955427667,4060.973125751202,3697.277961282169,9670.6,False,1.0,1019803.5226310831,1019803.5226310831,0.0,NUVAMA.BO
2024-02-28,4200.0498046875,4095.10009765625,3264,0.9674455319363445,1600054.67849294,1755426.1154479315,-155371.43695499143,4110.5308180588945,3715.7647274241726,7379.6,False,1.0,1019803.5226310831,1019803.5226310831,0.0,NUVAMA.BO
2024-02-29,4033.0,4133.7998046875,7229,1.0094502469068825,1615175.5902692107,1755426.1154479315,-140250.5251787207,4166.280799278846,3735.49118939568,5064.9,True,1.0,1019803.5226310831,1019803.5226310831,0.0,NUVAMA.BO
2024-03-01,4133.7998046875,4143.9501953125,1024,1.0024554625537236,1619141.5934488052,1755426.1154479315,-136284.5219991263,4222.630821814904,3753.3956083409926,4536.4,False,1.0,1019803.5226310831,1019803.5226310831,0.0,NUVAMA.BO
2024-03-04,4169.85009765625,4420.7998046875,5874,1.0668081411036656,1727313.433490747,1755426.1154479315,-28112.68195718457,4265.5769606370195,3777.8014849494484,4487.5,True,1.0,1019803.5226310831,1019803.5226310831,0.0,NUVAMA.BO
2024-03-05,4450.0,4252.4501953125,3218,0.9619187439348658,1661535.1683252396,1755426.1154479315,-93890.9471226919,4269.911583533654,3793.86472455193,3761.3,False,1.0,1019803.5226310831,1019803.5226310831,0.0,NUVAMA.BO
2024-03-06,4170.2001953125,4085.800048828125,1988,0.9608107940527852,1596420.9244252017,1755426.1154479315,-159005.19102272973,4262.573110727163,3804.2367876838234,3503.4,False,1.0,1019803.5226310831,1019803.5226310831,0.0,NUVAMA.BO
2024-03-07,4131.39990234375,4081.64990234375,2767,0.9989842512030012,1594799.361791713,1755426.1154479315,-160626.75365621853,4244.06924203726,3819.3573716107535,3270.4,False,1.0,1019803.5226310831,1019803.5226310831,0.0,NUVAMA.BO
2024-03-11,4109.0,3974.35009765625,4125,0.9737116589480429,1552874.732259489,1755426.1154479315,-202551.38318844256,4225.480788010817,3835.335312787224,3323.1,True,1.0,1019803.5226310831,1019803.5226310831,0.0,NUVAMA.BO
2024-03-12,4024.449951171875,3851.800048828125,5424,0.9691647575535947,1504991.463401371,1755426.1154479315,-250434.65204656054,4191.561560997596,3847.4294289981617,3603.2,True,0.9691647575535947,988357.6337630554,1019803.5226310831,-31445.888868027716,NUVAMA.BO
2024-03-13,3865.050048828125,3802.35009765625,8283,0.9871618592489193,1485670.171165049,1755426.1154479315,-269755.9442828824,4138.453876201923,3862.3676686006434,4319.6,True,0.9871618592489193,975668.9593484002,1019803.5226310831,-44134.56328268291,NUVAMA.BO
2024-03-14,3601.050048828125,3997.800048828125,1503,1.0514024080245397,1562037.1954931626,1755426.1154479315,-193388.91995476885,4104.480788010817,3880.2985552619484,4143.5,False,1.0,975668.9593484002,1019803.5226310831,-44134.56328268291,NUVAMA.BO
2024-03-15,4013.14990234375,4210.85009765625,8235,1.0532918220586285,1645281.0037643432,1755426.1154479315,-110145.11168358824,4098.738487830529,3900.957383099724,4244.1,True,1.0,975668.9593484002,1019803.5226310831,-44134.56328268291,NUVAMA.BO
2024-03-18,4244.75,4136.5,4016,0.9823432095819243,1616230.621902035,1755426.1154479315,-139195.49354589637,4091.3231107271636,3915.544146369485,4543.3,False,1.0,975668.9593484002,1019803.5226310831,-44134.56328268291,NUVAMA.BO
2024-03-19,4215.0498046875,3987.10009765625,1507,0.963882532976248,1557856.46571271,1755426.1154479315,-197569.6497352214,4083.015418419471,3927.727969898897,4106.6,False,1.0,975668.9593484002,1019803.5226310831,-44134.56328268291,NUVAMA.BO
2024-03-20,4187.9501953125,4131.85009765625,2122,1.036304581388636,1614413.79256399,1755426.1154479315,-141012.32288394147,4082.865440955529,3944.189740349265,3997.0,False,1.0,975668.9593484002,1019803.5226310831,-44134.56328268291,NUVAMA.BO
2024-03-21,4190.2998046875,4231.2001953125,1907,1.0240449424127476,1653232.2792365367,1755426.1154479315,-102193.83621139475,4089.5769794170674,3964.850040211397,3988.9,False,1.0,975668.9593484002,1019803.5226310831,-44134.56328268291,NUVAMA.BO
2024-03-22,4315.85009765625,4239.0498046875,1061,1.0018551732398993,1656299.3115203138,1755426.1154479315,-99126.80392761761,4075.596210186298,3989.3735638786766,3818.3,False,1.0,975668.9593484002,1019803.5226310831,-44134.56328268291,NUVAMA.BO
2024-03-26,4200.5498046875,4107.4501953125,2045,0.9689553991015915,1604880.160425857,1755426.1154479315,-150545.95502207451,4064.442364032452,4015.207390280331,3610.3,False,1.0,975668.9593484002,1019803.5226310831,-44134.56328268291,NUVAMA.BO
2024-03-27,4399.9501953125,4737.85009765625,16439,1.153477187152062,1851192.6531641674,1851192.6531641674,0.0,4114.600060096154,4059.830925436581,4711.8,True,1.0,975668.9593484002,1019803.5226310831,-44134.56328268291,NUVAMA.BO
2024-03-28,4737.85009765625,4677.89990234375,7036,0.9873465402921556,1827768.661515897,1851192.6531641674,-23423.991648270516,4160.465444711538,4101.908863740809,4587.1,True,0.9873465402921556,963323.3714830908,1019803.5226310831,-56480.15114799235,NUVAMA.BO
2024-04-01,4700.0,4623.4501953125,8555,0.988360223996249,1806493.8437091762,1851192.6531641674,-44698.80945499125,4210.396221454327,4138.697107651655,5292.3,True,0.988360223996249,952110.5032198493,1019803.5226310831,-67693.01941123384,NUVAMA.BO
2024-04-02,4715.75,4813.35009765625,4831,1.0410732016830808,1880692.3296910871,1880692.3296910871,0.0,4284.361609825721,4178.770637063419,4951.9,False,1.0,952110.5032198493,1019803.5226310831,-67693.01941123384,NUVAMA.BO
2024-04-03,4850.2001953125,4889.7001953125,3514,1.0158621534081693,1910524.1599382146,1910524.1599382146,0.0,4368.003925030048,4222.319170783548,4901.7,False,1.0,952110.5032198493,1019803.5226310831,-67693.01941123384,NUVAMA.BO
2024-04-04,4914.9501953125,4959.7998046875,6801,1.0143361773881763,1937913.7731994854,1937913.7731994854,0.0,4442.00390625,4267.860344381894,5431.1,True,1.0,952110.5032198493,1019803.5226310831,-67693.01941123384,NUVAMA.BO
2024-04-05,4902.25,4964.64990234375,2420,1.000977881738627,1939808.8236893308,1939808.8236893308,0.0,4499.988506610577,4300.276517980239,5460.9,False,1.0,952110.5032198493,1019803.5226310831,-67693.01941123384,NUVAMA.BO
2024-04-08,5044.9501953125,5039.7998046875,3996,1.0151369993497976,1969171.708592248,1969171.708592248,0.0,4569.473106971154,4325.091215245864,5669.8,False,1.0,952110.5032198493,1019803.5226310831,-67693.01941123384,NUVAMA.BO
2024-04-09,5159.9501953125,5212.89990234375,5062,1.034346621763676,2036806.104454998,2036806.104454998,0.0,4663.765399639423,4355.4353242761945,6069.9,False,1.0,952110.5032198493,1019803.5226310831,-67693.01941123384,NUVAMA.BO
2024-04-10,5228.7998046875,5138.9501953125,6084,0.9858140941862318,2007912.164896291,2036806.104454998,-28893.939558706945,4741.234637920673,4379.457383099724,6473.8,False,1.0,952110.5032198493,1019803.5226310831,-67693.01941123384,NUVAMA.BO
2024-04-12,5149.5498046875,5412.7001953125,5101,1.0532696347689263,2114872.9125684006,2114872.9125684006,0.0,4832.119253305288,4414.654447667739,5340.0,False,1.0,952110.5032198493,1019803.5226310831,-67693.01941123384,NUVAMA.BO
2024-04-15,5387.85009765625,5282.64990234375,2376,0.9759731209422284,2064059.1168755624,2114872.9125684006,-50813.79569283826,4912.3961838942305,4443.769150677849,4874.0,False,1.0,952110.5032198493,1019803.5226310831,-67693.01941123384,NUVAMA.BO
2024-04-16,5528.2998046875,5205.14990234375,1420,0.985329332544711,2033777.9919638238,2114872.9125684006,-81094.92060457682,4996.834622896635,4464.722088982077,4160.5,False,1.0,952110.5032198493,1019803.5226310831,-67693.01941123384,NUVAMA.BO
2024-04-18,5207.5498046875,5281.10009765625,3225,1.0145913560103814,2063453.5706906463,2114872.9125684006,-51419.34187775431,5038.623084435096,4489.476497874541,3999.9,False,1.0,952110.5032198493,1019803.5226310831,-67693.01941123384,NUVAMA.BO
2024-04-19,5220.0,5304.4501953125,1042,1.0044214457640392,2072577.018740068,2114872.9125684006,-42295.89382833266,5086.819260817308,4519.445621266084,3752.7,False,1.0,952110.5032198493,1019803.5226310831,-67693.01941123384,NUVAMA.BO
2024-04-22,5398.75,5250.64990234375,3132,0.989857517558315,2051555.9427184572,2114872.9125684006,-63316.969849943416,5135.065392127404,4549.379444795496,3385.8,False,1.0,952110.5032198493,1019803.5226310831,-67693.01941123384,NUVAMA.BO
2024-04-23,5317.5498046875,5191.60009765625,2982,0.988753810330957,2028483.7554699928,2114872.9125684006,-86389.15709840786,5164.161545973558,4581.629444795496,3442.0,False,1.0,952110.5032198493,1019803.5226310831,-67693.01941123384,NUVAMA.BO
2024-04-24,5398.85009765625,5384.64990234375,2681,1.0371850298667364,2103912.984501334,2114872.9125684006,-10959.928067066707,5202.234600360577,4618.419153550092,3310.5,False,1.0,952110.5032198493,1019803.5226310831,-67693.01941123384,NUVAMA.BO
2024-04-25,5498.89990234375,5445.7001953125,1544,1.0113378388708572,2127766.8109179144,2127766.8109179144,0.0,5239.611553485577,4656.705918255974,2958.7,False,1.0,952110.5032198493,1019803.5226310831,-67693.01941123384,NUVAMA.BO
2024-04-26,5480.0,5338.89990234375,1735,0.9803881430966984,2086037.352698598,2127766.8109179144,-41729.45821931632,5268.400015024038,4683.7088623046875,2523.8,False,1.0,952110.5032198493,1019803.5226310831,-67693.01941123384,NUVAMA.BO
2024-04-29,5440.60009765625,5269.9501953125,832,0.9870854092992114,2059097.034101939,2127766.8109179144,-68669.77681597532,5286.103891225962,4713.635332892923,2096.9,False,1.0,952110.5032198493,1019803.5226310831,-67693.01941123384,NUVAMA.BO
2024-04-30,5280.0,5196.39990234375,2349,0.9860434557741795,2030359.1552802396,2127766.8109179144,-97407.65563767473,5284.8346604567305,4746.300034466912,2094.2,True,1.0,952110.5032198493,1019803.5226310831,-67693.01941123384,NUVAMA.BO
2024-05-02,5187.5,5304.2001953125,1453,1.0207451880137495,2072479.337691966,2127766.8109179144,-55287.4732259484,5297.5461989182695,4782.257396024816,2097.5,False,1.0,952110.5032198493,1019803.5226310831,-67693.01941123384,NUVAMA.BO
2024-05-03,5336.39990234375,5229.5498046875,2311,0.9859261739986792,2043311.6241019564,2127766.8109179144,-84455.186815958,5283.4577073317305,4819.175034466912,2006.1,True,1.0,952110.5032198493,1019803.5226310831,-67693.01941123384,NUVAMA.BO
2024-05-06,5334.2001953125,5410.5,2150,1.034601486183439,2114013.2430317802,2127766.8109179144,-13753.567886134144,5293.292330228365,4865.019150677849,2116.9,True,1.034601486183439,985054.941642118,1019803.5226310831,-34748.580988965114,NUVAMA.BO
2024-05-07,5403.5,5245.5,4320,0.9695037427224841,2049543.7512842077,2127766.8109179144,-78223.0596337067,5296.3961838942305,4907.464736040901,2235.7,True,0.9695037427224841,955014.4527093116,1019803.5226310831,-64789.06992177153,NUVAMA.BO
2024-05-08,5146.64990234375,5230.35009765625,1339,0.9971118287401106,2043624.317925863,2127766.8109179144,-84142.49299205141,5292.492337740385,4943.716208065257,2071.4,False,1.0,955014.4527093116,1019803.5226310831,-64789.06992177153,NUVAMA.BO
2024-05-09,5355.0,5012.0498046875,5206,0.958262776125336,1958329.1122528834,2127766.8109179144,-169437.698665031,5270.0,4967.280905330882,2323.9,True,1.0,955014.4527093116,1019803.5226310831,-64789.06992177153,NUVAMA.BO
2024-05-10,5279.9501953125,5031.89990234375,2412,1.0039604749413473,1966085.025628872,2127766.8109179144,-161681.7852890424,5253.173076923077,4993.616196576287,2410.7,True,1.0039604749413473,958796.7635178913,1019803.5226310831,-61006.75911319186,NUVAMA.BO
2024-05-13,5108.85009765625,5153.64990234375,3479,1.0241956323382528,2013655.6960547324,2127766.8109179144,-114111.11486318195,5250.253831129808,5027.926484949448,2585.1,True,1.0241956323382528,981995.457495077,1019803.5226310831,-37808.0651360061,NUVAMA.BO
2024-05-14,5144.4501953125,5024.2001953125,3138,0.9748819362036254,1963076.5638172966,2127766.8109179144,-164690.24710061774,5222.526930588942,5054.172076056985,2815.7,True,0.9748819362036254,957329.6329459656,1019803.5226310831,-62473.88968511752,NUVAMA.BO
2024-05-15,5050.0,4897.0,1604,0.9746824986330808,1913376.370229485,2127766.8109179144,-214390.4406884294,5180.319223257212,5073.754423253677,2741.2,False,1.0,957329.6329459656,1019803.5226310831,-62473.88968511752,NUVAMA.BO
2024-05-16,4897.0498046875,4762.39990234375,5267,0.9725137640073004,1860784.8557745023,2127766.8109179144,-266981.9551434121,5135.973069411058,5089.147073184743,3122.6,True,1.0,957329.6329459656,1019803.5226310831,-62473.88968511752,NUVAMA.BO
2024-05-17,4774.9501953125,4778.25,3200,1.0033281744459237,1866977.872380853,2127766.8109179144,-260788.93853706145,5098.149977463942,5108.876479204963,3211.5,False,1.0,957329.6329459656,1019803.5226310831,-62473.88968511752,NUVAMA.BO
2024-05-21,5029.9501953125,4638.0,8055,0.970648249882279,1812178.8043954158,2127766.8109179144,-315588.00652249856,5055.196138822115,5105.939711626838,3802.0,False,1.0,957329.6329459656,1019803.5226310831,-62473.88968511752,NUVAMA.BO
2024-05-22,4737.5,4823.2998046875,17391,1.0399525236497413,1884579.9209355838,2127766.8109179144,-243186.8899823306,5018.2038010817305,5110.216179342831,5109.1,False,1.0,957329.6329459656,1019803.5226310831,-62473.88968511752,NUVAMA.BO
2024-05-23,4897.9501953125,4868.25,5671,1.0093193865471135,1902143.0496977111,2127766.8109179144,-225623.76122020325,4990.411508413462,5117.416173598345,5542.3,False,1.0,957329.6329459656,1019803.5226310831,-62473.88968511752,NUVAMA.BO
2024-05-24,4896.9501953125,4758.60009765625,1044,0.9774765259911159,1859300.1801566654,2127766.8109179144,-268466.630761249,4940.265362079327,5115.805879480698,5126.1,False,1.0,957329.6329459656,1019803.5226310831,-62473.88968511752,NUVAMA.BO
2024-05-27,4774.9501953125,4857.2001953125,1428,1.0207204000405106,1897825.6236849048,2127766.8109179144,-229941.1872330096,4910.396146334135,5114.849997127757,5027.7,False,1.0,957329.6329459656,1019803.5226310831,-62473.88968511752,NUVAMA.BO
2024-05-28,4860.0498046875,5030.5,3664,1.0356789503662511,1965538.0499161582,2127766.8109179144,-162228.76100175618,4895.023061899038,5116.929414636948,5046.2,False,1.0,957329.6329459656,1019803.5226310831,-62473.88968511752,NUVAMA.BO
2024-05-29,5070.9501953125,5073.60009765625,1712,1.0085677562183182,1982378.3007656683,2127766.8109179144,-145388.5101522461,4899.757699819712,5120.13383214614,4903.6,False,1.0,957329.6329459656,1019803.5226310831,-62473.88968511752,NUVAMA.BO
2024-05-30,5039.9501953125,4806.25,5444,0.9473056424412022,1877918.1497683201,2127766.8109179144,-249848.66114959423,4882.400015024038,5113.264720243566,5287.6,False,1.0,957329.6329459656,1019803.5226310831,-62473.88968511752,NUVAMA.BO
2024-05-31,5018.0,4837.5,1794,1.0065019505851756,1890128.2807811182,2127766.8109179144,-237638.53013679618,4858.080791766827,5102.22354664522,4940.3,False,1.0,957329.6329459656,1019803.5226310831,-62473.88968511752,NUVAMA.BO
2024-06-03,5000.0,5039.60009765625,3761,1.0417777979651164,1969093.6782237445,2127766.8109179144,-158673.13269416988,4859.265399639423,5099.301484949448,4996.4,False,1.0,957329.6329459656,1019803.5226310831,-62473.88968511752,NUVAMA.BO
2024-06-04,5050.0,4408.9501953125,18670,0.8748611218899999,1722683.5044373313,2127766.8109179144,-405083.30648058304,4821.723106971154,5069.779426125919,6057.9,False,1.0,957329.6329459656,1019803.5226310831,-62473.88968511752,NUVAMA.BO
2024-06-05,4501.0,4668.2001953125,3356,1.0588008456697082,1823978.7513195032,2127766.8109179144,-303788.0595984112,4814.476975661058,5051.707375919118,4654.4,False,1.0,957329.6329459656,1019803.5226310831,-62473.88968511752,NUVAMA.BO
2024-06-06,4878.2998046875,4894.64990234375,5587,1.0485089965204655,1912458.1302206637,2127766.8109179144,-215308.68069725065,4823.430814302885,5042.575022977941,4646.0,False,1.0,957329.6329459656,1019803.5226310831,-62473.88968511752,NUVAMA.BO
2024-06-07,4900.0,5190.25,3129,1.0603924904853164,2027956.239653581,2127766.8109179144,-99810.57126433332,4865.911583533654,5039.902961282169,4854.5,False,1.0,957329.6329459656,1019803.5226310831,-62473.88968511752,NUVAMA.BO
2024-06-10,5290.0,5066.64990234375,1841,0.9761860993870719,1979662.691315103,2127766.8109179144,-148104.1196028113,4884.630821814904,5032.908835018382,4895.8,False,1.0,957329.6329459656,1019803.5226310831,-62473.88968511752,NUVAMA.BO
2024-06-11,5069.9501953125,5064.89990234375,3479,0.99965460412033,1978978.9239783867,2127766.8109179144,-148787.8869395277,4899.757737379808,5027.445599724265,4877.3,False,1.0,957329.6329459656,1019803.5226310831,-62473.88968511752,NUVAMA.BO
2024-06-12,5165.0,5090.0498046875,1162,1.0049655280121355,1988805.5992608268,2127766.8109179144,-138961.21165708755,4925.253868689904,5024.458826401655,4822.3,False,1.0,957329.6329459656,1019803.5226310831,-62473.88968511752,NUVAMA.BO
2024-06-13,5187.5498046875,5084.85009765625,2746,0.9989784565513561,1986773.9479302757,2127766.8109179144,-140992.86298763868,4942.765399639423,5015.641185087316,4552.5,False,1.0,957329.6329459656,1019803.5226310831,-62473.88968511752,NUVAMA.BO
2024-06-14,5083.9501953125,5070.39990234375,759,0.9971581865669628,1981127.907036639,2127766.8109179144,-146638.90388127533,4945.834622896635,5004.60294117647,4449.0,False,1.0,957329.6329459656,1019803.5226310831,-62473.88968511752,NUVAMA.BO
2024-06-18,5199.9501953125,5078.75,3629,1.0016468321665102,1984390.4921999178,2127766.8109179144,-143376.3187179966,4946.2307692307695,4996.951473460478,4435.8,False,1.0,957329.6329459656,1019803.5226310831,-62473.88968511752,NUVAMA.BO
2024-06-19,5055.0498046875,5222.25,2687,1.028254984001969,2040459.413810686,2127766.8109179144,-87307.3971072284,4978.2307692307695,4995.548526539522,2837.5,False,1.0,957329.6329459656,1019803.5226310831,-62473.88968511752,NUVAMA.BO
2024-06-20,5326.89990234375,5260.39990234375,1646,1.0073052615910287,2055365.5035944502,2127766.8109179144,-72401.30732346419,5010.7615309495195,4997.430879480698,2666.5,False,1.0,957329.6329459656,1019803.5226310831,-62473.88968511752,NUVAMA.BO
2024-06-21,5348.0,5099.25,8274,0.9693654654901901,1992400.338144313,2127766.8109179144,-135366.4727736013,5015.349984975962,4991.402932559743,2935.2,True,1.0,957329.6329459656,1019803.5226310831,-62473.88968511752,NUVAMA.BO
2024-06-24,5080.60009765625,4971.75,5996,0.9749963229886748,1942583.0036120976,2127766.8109179144,-185183.8073058168,5058.6422776442305,4983.820585363052,3221.9,True,0.9749963229886748,933392.8720104143,1019803.5226310831,-86410.6506206689,NUVAMA.BO
2024-06-25,5100.0,4997.5498046875,1876,1.0051892803715996,1952663.611462945,2127766.8109179144,-175103.1994549695,5083.9768629807695,4971.674991383272,3225.4,False,1.0,933392.8720104143,1019803.5226310831,-86410.6506206689,NUVAMA.BO
2024-06-26,4977.0,4915.35009765625,2156,0.9835519984304809,1920546.1973168596,2127766.8109179144,-207220.61360105476,5085.569185697115,4961.964700137868,3093.1,False,1.0,933392.8720104143,1019803.5226310831,-86410.6506206689,NUVAMA.BO
2024-06-27,4999.0,4921.0498046875,2847,1.0011595729537084,1922773.2107436156,2127766.8109179144,-204993.60017429874,5064.861478365385,4952.86763269761,3261.6,False,1.0,933392.8720104143,1019803.5226310831,-86410.6506206689,NUVAMA.BO
2024-06-28,5060.0,4956.64990234375,2023,1.0072342485992196,1936683.0301500547,2127766.8109179144,-191083.78076785966,5056.399939903846,4951.238223805147,3189.3,False,1.0,933392.8720104143,1019803.5226310831,-86410.6506206689,NUVAMA.BO
2024-07-01,4905.14990234375,4966.35009765625,3929,1.0019570063457404,1940473.131129746,2127766.8109179144,-187293.6797881683,5048.819185697115,4949.310288373162,3506.3,True,1.0,933392.8720104143,1019803.5226310831,-86410.6506206689,NUVAMA.BO
2024-07-02,5149.5498046875,5054.0498046875,2750,1.0176587846822636,1974739.528334084,2127766.8109179144,-153027.2825838304,5046.049954927885,4946.380873736213,3418.4,False,1.0,933392.8720104143,1019803.5226310831,-86410.6506206689,NUVAMA.BO
2024-07-03,5117.89990234375,5011.2001953125,1105,0.9915217279150558,1957997.1493159733,2127766.8109179144,-169769.6616019411,5040.3845778245195,4945.998520795037,3260.2,False,1.0,933392.8720104143,1019803.5226310831,-86410.6506206689,NUVAMA.BO
2024-07-04,4990.0,4838.85009765625,9429,0.9656070220827603,1890655.7965975308,2127766.8109179144,-237111.01432038355,5022.5730543870195,4944.288229549632,4038.5,True,1.0,933392.8720104143,1019803.5226310831,-86410.6506206689,NUVAMA.BO
2024-07-05,4830.0,4770.5,8134,0.9858747230691531,1863949.7598896797,2127766.8109179144,-263817.05102823465,4998.8615159254805,4944.526467715993,4024.5,True,0.9858747230691531,920208.4392079886,1019803.5226310831,-99595.08342309459,NUVAMA.BO
2024-07-08,4700.0498046875,4711.7001953125,7470,0.987674288924117,1840975.253689318,2127766.8109179144,-286791.5572285964,4959.588454026442,4942.569120519302,4171.9,True,0.987674288924117,908866.2158567216,1019803.5226310831,-110937.30677436152,NUVAMA.BO
2024-07-09,4810.0,4900.4501953125,2916,1.0400598493486026,1914724.4450066176,2127766.8109179144,-213042.3659112968,4931.900015024038,4950.288243910845,4275.9,False,1.0,908866.2158567216,1019803.5226310831,-110937.30677436152,NUVAMA.BO
2024-07-10,4900.0,4858.75,6688,0.9914905378790733,1898431.1698698213,2127766.8109179144,-229335.6410480931,4913.400015024038,4951.330896714155,4729.1,False,1.0,908866.2158567216,1019803.5226310831,-110937.30677436152,NUVAMA.BO
2024-07-11,4755.7998046875,4765.2998046875,10505,0.9807666178929766,1861917.9177758317,2127766.8109179144,-265848.8931420827,4897.5192307692305,4948.302949793198,5494.9,False,1.0,908866.2158567216,1019803.5226310831,-110937.30677436152,NUVAMA.BO
2024-07-12,4858.0,4799.5498046875,4119,1.0071873756959235,1875300.2213658583,2127766.8109179144,-252466.58955205604,4882.288461538462,4949.507352941177,5704.5,False,1.0,908866.2158567216,1019803.5226310831,-110937.30677436152,NUVAMA.BO
2024-07-15,4839.0,4800.25,2333,1.000145887706346,1875573.8046138636,2127766.8109179144,-252193.0063040508,4873.434607872596,4947.832347196691,5544.9,False,1.0,908866.2158567216,1019803.5226310831,-110937.30677436152,NUVAMA.BO
2024-07-16,4803.5,4947.64990234375,9442,1.030706713680277,1933166.5124183693,2127766.8109179144,-194600.29849954508,4875.4807692307695,4945.395579618566,6214.1,False,1.0,908866.2158567216,1019803.5226310831,-110937.30677436152,NUVAMA.BO
2024-07-18,4946.9501953125,4910.9501953125,7169,0.9925823961364233,1918827.0490269177,2127766.8109179144,-208939.7618909967,4871.965407151442,4940.611758961397,6820.5,False,1.0,908866.2158567216,1019803.5226310831,-110937.30677436152,NUVAMA.BO
2024-07-19,4952.0498046875,4800.5,10816,0.9775094043067419,1875671.4856619658,2127766.8109179144,-252095.32525594858,4859.2077073317305,4940.442641314338,6959.2,False,1.0,908866.2158567216,1019803.5226310831,-110937.30677436152,NUVAMA.BO
2024-07-22,4896.5498046875,4741.89990234375,2958,0.9877929178926674,1852775.0098301077,2127766.8109179144,-274991.8010878067,4835.196176382212,4937.630873736213,6441.6,False,1.0,908866.2158567216,1019803.5226310831,-110937.30677436152,NUVAMA.BO
2024-07-23,4700.0,4889.35009765625,3981,1.0310951724728776,1910387.3683142124,2127766.8109179144,-217379.44260370196,4825.823091947115,4933.211756089155,6092.7,False,1.0,908866.2158567216,1019803.5226310831,-110937.30677436152,NUVAMA.BO
2024-07-24,4889.35009765625,5283.35009765625,5790,1.080583307010244,2064332.7001235688,2127766.8109179144,-63434.110794345615,4860.015399639423,4958.929400275735,6380.1,False,1.0,908866.2158567216,1019803.5226310831,-110937.30677436152,NUVAMA.BO
2024-07-25,5269.9501953125,5547.7998046875,14447,1.0500534134863715,2167659.5983362915,2167659.5983362915,0.0,4919.807692307692,4984.799977022059,7156.0,False,1.0,908866.2158567216,1019803.5226310831,-110937.30677436152,NUVAMA.BO
2024-07-26,5649.89990234375,5706.35009765625,5037,1.0285789499532385,2229609.0335128014,2229609.0335128014,0.0,4996.319223257212,5008.673512178309,6609.2,False,1.0,908866.2158567216,1019803.5226310831,-110937.30677436152,NUVAMA.BO
2024-07-29,5924.9501953125,6024.2998046875,19155,1.055718576951989,2353839.6760194344,2353839.6760194344,0.0,5082.769193209135,5033.204388786765,8112.8,True,1.0,908866.2158567216,1019803.5226310831,-110937.30677436152,NUVAMA.BO
2024-07-30,6134.9501953125,6344.10009765625,13415,1.0530850560790341,2478793.387221982,2478793.387221982,0.0,5197.026893028846,5070.77645335478,9221.0,True,1.0530850560790341,957113.4298938153,1019803.5226310831,-62690.09273726784,NUVAMA.BO
2024-07-31,6334.85009765625,6342.2001953125,9796,0.9997005245323207,2478051.049413063,2478793.387221982,-742.3378089186735,5318.326923076923,5108.344109030331,9256.4,True,0.9997005245323207,956826.7979017757,1019803.5226310831,-62976.72472930746,NUVAMA.BO
2024-08-01,6379.35009765625,6650.89990234375,11625,1.0486739140242545,2598667.493139908,2598667.493139908,0.0,5460.7384690504805,5154.25146484375,9702.0,True,1.0486739140242545,1003399.3031989494,1019803.5226310831,-16404.219432133716,NUVAMA.BO
2024-08-02,6649.89990234375,6419.25,5237,0.9651701415229362,2508156.272124899,2598667.493139908,-90511.2210150091,5585.276930588942,5193.498520795037,9144.1,False,1.0,1003399.3031989494,1019803.5226310831,-16404.219432133716,NUVAMA.BO
2024-08-05,6136.60009765625,5916.75,19982,0.9217198270826031,2311817.365439108,2598667.493139908,-286850.1277008001,5659.823091947115,5218.391170726103,10846.5,True,1.0,1003399.3031989494,1019803.5226310831,-16404.219432133716,NUVAMA.BO
2024-08-06,5955.7001953125,5819.5,7777,0.9835636117801158,2273819.437727281,2598667.493139908,-324848.0554126273,5729.711538461538,5240.177935431985,11226.1,False,1.0,1003399.3031989494,1019803.5226310831,-16404.219432133716,NUVAMA.BO
2024-08-07,5900.0,6101.25,6845,1.0484148122690953,2383905.9789386676,2598667.493139908,-214761.5142012406,5829.7692307692305,5266.030876608456,11331.6,False,1.0,1003399.3031989494,1019803.5226310831,-16404.219432133716,NUVAMA.BO
2024-08-08,6110.85009765625,6153.25,3290,1.008522843679574,2404223.6369439634,2598667.493139908,-194443.85619594483,5938.334622896635,5292.291173598345,10215.9,False,1.0,1003399.3031989494,1019803.5226310831,-16404.219432133716,NUVAMA.BO
2024-08-09,6230.0,6333.75,4120,1.0293340917401372,2474749.353673884,2598667.493139908,-123918.139466024,6049.442307692308,5328.599997127757,10124.2,False,1.0,1003399.3031989494,1019803.5226310831,-16404.219432133716,NUVAMA.BO
2024-08-12,6324.9501953125,6155.4501953125,5285,0.9718492512828103,2405083.306480583,2598667.493139908,-193584.18665932538,6116.526930588942,5363.414708754595,8737.2,False,1.0,1003399.3031989494,1019803.5226310831,-16404.219432133716,NUVAMA.BO
2024-08-13,6200.60009765625,6153.0,4329,0.999601947016911,2404125.9558958607,2598667.493139908,-194541.5372440475,6163.080791766827,5397.398538028493,7828.6,False,1.0,1003399.3031989494,1019803.5226310831,-16404.219432133716,NUVAMA.BO
2024-08-14,6249.75,6105.25,8893,0.9922395579392166,2385468.8757083053,2598667.493139908,-213198.6174316029,6193.765399639423,5432.39559397978,7738.3,True,1.0,1003399.3031989494,1019803.5226310831,-16404.219432133716,NUVAMA.BO
2024-08-16,6144.2998046875,6142.9501953125,1667,1.0061750452991278,2400199.2540754634,2598667.493139908,-198468.2390644448,6202.892352764423,5468.333840762868,6742.5,False,1.0,1003399.3031989494,1019803.5226310831,-16404.219432133716,NUVAMA.BO
2024-08-19,6344.7998046875,6501.5498046875,3881,1.0583757963150404,2540312.796846885,2598667.493139908,-58354.696293023415,6215.003868689904,5513.772073184743,6606.9,False,1.0,1003399.3031989494,1019803.5226310831,-16404.219432133716,NUVAMA.BO
2024-08-20,6553.0,6550.10009765625,6441,1.0074674953552991,2559282.5708583454,2598667.493139908,-39384.922281562816,6230.996168870192,5560.352955537684,5252.8,True,1.0,1003399.3031989494,1019803.5226310831,-16404.219432133716,NUVAMA.BO
2024-08-21,6570.0,6241.75,78023,0.9529243686265827,2438802.7279722067,2598667.493139908,-159864.76516770152,6199.523099459135,5595.285314223345,12277.4,True,0.9529243686265827,956163.6474812118,1019803.5226310831,-63639.87514987134,NUVAMA.BO
2024-08-22,6242.0498046875,6206.85009765625,3492,0.9944086350232306,2425166.4918137733,2598667.493139908,-173501.0013261349,6183.184645432692,5630.451487821691,11942.1,False,1.0,956163.6474812118,1019803.5226310831,-63639.87514987134,NUVAMA.BO
2024-08-23,6284.7998046875,6313.60009765625,3511,1.0171987398310633,2466876.299353491,2598667.493139908,-131791.19378641713,6213.711576021635,5673.826487821691,11964.2,False,1.0,956163.6474812118,1019803.5226310831,-63639.87514987134,NUVAMA.BO
2024-08-26,6384.9501953125,6290.60009765625,1915,0.996357070507437,2457889.6429280713,2598667.493139908,-140777.85021183686,6249.950045072115,5718.535314223345,11743.7,False,1.0,956163.6474812118,1019803.5226310831,-63639.87514987134,NUVAMA.BO
2024-08-28,6841.9501953125,6454.0,2576,1.0259752487532356,2521733.9378111293,2598667.493139908,-76933.55532877892,6277.0846604567305,5769.779426125919,11472.8,False,1.0,956163.6474812118,1019803.5226310831,-63639.87514987134,NUVAMA.BO
2024-08-29,6480.0,6435.39990234375,4754,0.997118051184343,2514466.4296756526,2598667.493139908,-84201.06346425554,6298.788499098558,5814.925005744485,11515.3,False,1.0,956163.6474812118,1019803.5226310831,-63639.87514987134,NUVAMA.BO
2024-08-30,6435.39990234375,6438.10009765625,1724,1.00041958469613,2515521.461308477,2598667.493139908,-83146.0318314312,6306.8154296875,5861.376479204963,10798.4,False,1.0,956163.6474812118,1019803.5226310831,-63639.87514987134,NUVAMA.BO
